Date,Opponent,Result,MIN,FG,FG%,3PT,3P%,FT,FT%,REB,AST,BLK,STL,PF,TO,PTS,Player
Fri 4/4,vsNO,"W

124-108",33,9-17,52.9,2-7,28.6,7-8,87.5,0,8,0,2,1,1,27,Lebron
Thu 4/3,vsGS,"L

123-116",40,10-15,66.7,5-8,62.5,8-9,88.9,5,9,1,1,2,4,33,Lebron
Mon 3/31,vsHOU,"W

104-98",38,5-12,41.7,2-4,50,4-4,100,8,4,2,2,1,3,16,Lebron
Sat 3/29,@MEM,"W

134-127",37,10-21,47.6,2-5,40,3-4,75,6,8,1,3,3,3,25,Lebron
Thu 3/27,@CHI,"L

119-117",39,8-20,40,0-5,0,1-2,50,5,12,0,2,1,4,17,Lebron
Wed 3/26,@IND,"W

120-119",38,4-12,33.3,0-3,0,5-5,100,13,7,0,1,1,1,13,Lebron
Mon 3/24,@ORL,"L

118-106",38,9-18,50,0-3,0,6-7,85.7,6,7,0,0,0,2,24,Lebron
Sat 3/22,vsCHI,"L

146-115",31,7-16,43.8,1-2,50,2-5,40,6,4,0,3,1,5,17,Lebron
Sat 3/8,@BOS,"L

111-101",35,11-23,47.8,0-6,0,0-3,0,14,9,0,0,3,1,22,Lebron
Thu 3/6,vsNY,"W

113-109 OT",44,11-23,47.8,2-8,25,7-8,87.5,12,8,1,0,3,1,31,Lebron
Tue 3/4,vsNO,"W

136-115",33,10-18,55.6,5-10,50,9-9,100,8,6,2,1,1,4,34,Lebron
Sun 3/2,vsLAC,"W

108-102",36,6-17,35.3,1-6,16.7,4-4,100,5,9,1,2,2,8,17,Lebron
Fri 2/28,vsLAC,"W

106-102",37,12-21,57.1,2-7,28.6,2-3,66.7,13,3,0,1,0,4,28,Lebron
Thu 2/27,vsMIN,"W

111-102",37,11-21,52.4,4-9,44.4,7-10,70,17,6,1,1,1,4,33,Lebron
Tue 2/25,vsDAL,"W

107-99",37,11-17,64.7,2-4,50,3-4,75,12,3,0,1,2,6,27,Lebron
Sat 2/22,@DEN,"W

123-100",33,11-19,57.9,1-4,25,2-3,66.7,9,5,3,1,2,1,25,Lebron
Thu 2/20,@POR,"W

110-102",36,14-24,58.3,4-8,50,8-8,100,8,4,1,2,2,11,40,Lebron
Wed 2/19,vsCHA,"L

100-97",38,10-22,45.5,4-11,36.4,2-2,100,7,11,2,1,0,2,26,Lebron
Wed 2/12,@UTAH,"L

131-119",34,6-13,46.2,4-8,50,2-4,50,6,7,0,1,3,3,18,Lebron
Mon 2/10,vsUTAH,"W

132-113",29,10-17,58.8,3-7,42.9,1-2,50,7,8,0,1,2,7,24,Lebron
Thu 2/6,vsGS,"W

120-112",38,14-25,56,6-9,66.7,8-10,80,17,8,1,1,1,3,42,Lebron
Tue 2/4,@LAC,"W

122-97",31,8-13,61.5,2-4,50,8-11,72.7,8,9,0,3,4,3,26,Lebron
Sat 2/1,@NY,"W

128-112",37,14-26,53.8,3-8,37.5,2-4,50,11,12,0,0,3,5,33,Lebron
Thu 1/30,@WSH,"W

134-96",27,9-19,47.4,1-4,25,5-5,100,3,11,0,0,1,0,24,Lebron
Tue 1/28,@PHI,"L

118-104",33,10-16,62.5,1-4,25,10-11,90.9,8,9,0,1,1,8,31,Lebron
Mon 1/27,@CHA,"W

112-107",36,9-17,52.9,1-8,12.5,3-5,60,7,8,0,0,0,5,22,Lebron
Sat 1/25,@GS,"W

118-108",35,12-25,48,0-1,0,1-2,50,5,12,0,1,0,3,25,Lebron
Thu 1/23,vsBOS,"W

117-96",31,9-20,45,0-2,0,2-2,100,14,6,0,0,0,2,20,Lebron
Tue 1/21,vsWSH,"W

111-88",36,8-18,44.4,2-6,33.3,3-3,100,10,13,1,2,0,5,21,Lebron
Sun 1/19,@LAC,"L

116-102",35,9-20,45,2-6,33.3,5-6,83.3,5,11,1,3,3,5,25,Lebron
Fri 1/17,vsBKN,"W

102-101",35,12-17,70.6,4-6,66.7,1-2,50,7,8,2,1,2,5,29,Lebron
Wed 1/15,vsMIA,"W

117-108",38,9-15,60,3-6,50,1-2,50,5,9,0,2,0,2,22,Lebron
Mon 1/13,vsSA,"L

126-102",32,7-11,63.6,2-3,66.7,2-4,50,5,8,1,1,3,7,18,Lebron
Tue 1/7,@DAL,"L

118-97",35,6-12,50,1-4,25,5-6,83.3,10,8,0,1,0,2,18,Lebron
Sun 1/5,@HOU,"L

119-115",36,8-16,50,4-7,57.1,1-2,50,13,9,0,1,4,2,21,Lebron
Fri 1/3,vsATL,"W

119-102",30,13-20,65,2-5,40,2-2,100,3,8,0,0,3,3,30,Lebron
Thu 1/2,vsPOR,"W

114-106",36,15-25,60,7-10,70,1-2,50,3,8,0,0,1,4,38,Lebron
Wed 12/31,vsCLE,"L

122-110",34,9-17,52.9,3-6,50,2-2,100,4,7,1,0,1,2,23,Lebron
Thu 12/25,@GS,"W

115-113",37,12-22,54.5,2-4,50,5-5,100,4,10,1,2,3,1,31,Lebron
Tue 12/23,vsDET,"L

117-114",35,10-16,62.5,2-4,50,6-7,85.7,11,11,0,0,1,2,28,Lebron
Sun 12/21,@SAC,"W

103-99",34,13-24,54.2,1-8,12.5,5-6,83.3,7,6,0,4,2,4,32,Lebron
Fri 12/19,@SAC,"W

113-100",34,8-21,38.1,1-4,25,2-2,100,6,7,1,0,1,2,19,Lebron
Mon 12/15,vsMEM,"W

116-110",34,7-17,41.2,3-6,50,1-4,25,8,8,2,1,2,5,18,Lebron
Sat 12/6,@ATL,"L

134-132 OT",43,14-25,56,6-11,54.5,5-6,83.3,10,11,3,2,3,4,39,Lebron
Thu 12/4,@MIA,"L

134-93",29,12-18,66.7,1-4,25,4-4,100,5,8,0,1,2,5,29,Lebron
Tue 12/2,@MIN,"L

109-80",31,4-16,25,0-4,0,2-4,50,8,4,0,0,1,6,10,Lebron
Mon 12/1,@UTAH,"W

105-104",36,12-28,42.9,0-9,0,3-3,100,5,14,2,0,1,3,27,Lebron
Sat 11/29,vsOKC,"L

101-93",34,5-13,38.5,0-4,0,2-2,100,8,6,0,0,0,5,12,Lebron
Thu 11/27,@SA,"W

119-101",33,8-18,44.4,0-2,0,0-0,0,10,11,1,1,0,5,16,Lebron
Wed 11/26,@PHX,"L

127-100",35,7-16,43.8,2-7,28.6,2-2,100,8,10,0,0,0,5,18,Lebron
Sun 11/23,vsDEN,"L

127-102",35,7-17,41.2,1-4,25,3-3,100,6,7,0,3,3,6,18,Lebron
Fri 11/21,vsORL,"L

119-118",37,12-22,54.5,5-9,55.6,2-4,50,10,7,1,0,0,4,31,Lebron
Wed 11/19,vsUTAH,"W

124-118",34,9-17,52.9,1-5,20,7-11,63.6,2,12,0,0,1,4,26,Lebron
Sun 11/16,@NO,"W

104-99",37,8-19,42.1,2-7,28.6,3-5,60,7,5,0,1,1,6,21,Lebron
Sat 11/15,@SA,"W

120-115",38,6-12,50,1-4,25,2-4,50,16,12,0,1,0,7,15,Lebron
Thu 11/13,vsMEM,"W

128-123",37,13-22,59.1,4-7,57.1,5-8,62.5,12,14,0,1,2,6,35,Lebron
Mon 11/10,vsTOR,"W

123-103",35,6-14,42.9,0-3,0,7-7,100,10,16,0,1,0,3,19,Lebron
Sat 11/8,vsPHI,"W

116-106",34,9-14,64.3,2-4,50,1-1,100,12,13,3,0,0,2,21,Lebron
Thu 11/6,@MEM,"L

131-114",35,15-24,62.5,6-11,54.5,3-4,75,7,6,0,1,2,5,39,Lebron
Tue 11/4,@DET,"L

115-103",40,7-16,43.8,1-2,50,5-5,100,8,11,0,2,1,1,20,Lebron
Sat 11/1,@TOR,"W

131-125",36,9-17,52.9,5-8,62.5,4-6,66.7,6,10,0,1,1,0,27,Lebron
Thu 10/30,@CLE,"L

134-110",29,9-13,69.2,1-3,33.3,7-7,100,6,3,0,0,2,6,26,Lebron
Tue 10/28,@PHX,"L

109-105",36,3-14,21.4,2-5,40,3-6,50,5,8,0,1,1,2,11,Lebron
Sun 10/26,vsSAC,"W

131-127",34,12-22,54.5,4-9,44.4,4-4,100,14,10,1,0,3,5,32,Lebron
Sat 10/25,vsPHX,"W

123-116",35,7-13,53.8,2-5,40,5-8,62.5,4,8,0,0,1,2,21,Lebron
Wed 10/22,vsMIN,"W

110-103",35,7-16,43.8,1-4,25,1-1,100,5,4,2,0,3,2,16,Lebron
Fri 4/4,vsDEN,"W

118-104",32,13-24,54.2,7-15,46.7,3-3,100,2,5,0,2,2,2,36,Steph
Thu 4/3,@LAL,"W

123-116",34,10-21,47.6,4-11,36.4,13-14,92.9,3,6,0,0,1,2,37,Steph
Tue 4/1,@MEM,"W

134-125",37,16-31,51.6,12-20,60,8-8,100,10,8,1,5,2,2,52,Steph
Sun 3/30,@SA,"W

148-106",26,4-10,40,2-4,50,3-3,100,3,6,1,1,2,0,13,Steph
Fri 3/28,@NO,"W

111-95",34,7-21,33.3,5-16,31.3,4-5,80,4,6,0,3,2,1,23,Steph
Thu 3/20,vsTOR,"W

117-114",25,6-8,75,2-4,50,3-5,60,2,1,1,0,0,3,17,Steph
Mon 3/17,vsDEN,"L

114-105",36,6-21,28.6,4-14,28.6,4-4,100,4,7,0,3,2,7,20,Steph
Sat 3/15,vsNY,"W

97-94",35,8-20,40,4-13,30.8,8-9,88.9,7,5,1,0,2,3,28,Steph
Thu 3/13,vsSAC,"W

130-104",30,4-9,44.4,2-6,33.3,1-1,100,2,5,1,1,4,2,11,Steph
Mon 3/10,vsPOR,"W

130-120",34,6-14,42.9,5-11,45.5,7-7,100,2,3,0,2,0,4,24,Steph
Sat 3/8,vsDET,"W

115-110",33,8-22,36.4,4-15,26.7,12-12,100,3,4,0,1,1,4,32,Steph
Thu 3/6,@BKN,"W

121-119",36,12-20,60,7-13,53.8,9-9,100,4,4,0,0,3,5,40,Steph
Tue 3/4,@NY,"W

114-102",33,10-21,47.6,5-9,55.6,3-3,100,7,9,0,2,0,2,28,Steph
Mon 3/3,@CHA,"W

119-101",30,6-14,42.9,3-9,33.3,6-8,75,3,10,1,1,3,1,21,Steph
Sat 3/1,@PHI,"L

126-119",36,10-18,55.6,5-12,41.7,4-4,100,5,13,0,1,2,3,29,Steph
Thu 2/27,@ORL,"W

121-115",34,16-25,64,12-19,63.2,12-12,100,4,3,0,2,0,4,56,Steph
Tue 2/25,vsCHA,"W

128-92",24,6-14,42.9,2-9,22.2,1-1,100,4,6,0,1,2,2,15,Steph
Sun 2/23,vsDAL,"W

126-102",29,12-20,60,3-8,37.5,3-3,100,4,7,0,1,3,2,30,Steph
Fri 2/21,@SAC,"W

132-108",31,7-13,53.8,4-9,44.4,2-2,100,1,6,0,2,0,1,20,Steph
Thu 2/13,@HOU,"W

105-98",35,7-17,41.2,5-13,38.5,8-9,88.9,5,3,0,0,2,1,27,Steph
Wed 2/12,@DAL,"L

111-107",37,9-23,39.1,4-13,30.8,3-4,75,5,8,0,2,3,4,25,Steph
Mon 2/10,@MIL,"W

125-111",34,12-24,50,6-16,37.5,8-9,88.9,6,4,0,0,0,2,38,Steph
Sat 2/8,@CHI,"W

132-111",34,10-19,52.6,8-16,50,6-8,75,4,6,1,0,1,4,34,Steph
Thu 2/6,@LAL,"L

120-112",37,13-35,37.1,6-20,30,5-5,100,7,4,1,1,3,4,37,Steph
Wed 2/5,@UTAH,"L

131-128",35,12-31,38.7,6-18,33.3,2-2,100,1,7,1,0,2,3,32,Steph
Mon 2/3,vsORL,"W

104-99",34,7-21,33.3,2-12,16.7,8-8,100,1,5,0,1,1,3,24,Steph
Fri 1/31,vsPHX,"L

130-105",31,5-14,35.7,1-6,16.7,3-3,100,3,3,2,0,1,2,14,Steph
Wed 1/29,vsOKC,"W

116-109",33,6-15,40,5-10,50,4-4,100,1,4,0,1,2,0,21,Steph
Sat 1/25,vsLAL,"L

118-108",32,4-17,23.5,2-9,22.2,3-4,75,1,9,0,2,2,3,13,Steph
Thu 1/23,vsCHI,"W

131-106",31,8-19,42.1,5-12,41.7,0-0,0,4,7,0,0,0,3,21,Steph
Wed 1/22,@SAC,"L

123-117",34,6-11,54.5,1-4,25,1-1,100,3,12,0,0,1,3,14,Steph
Mon 1/20,vsBOS,"L

125-85",27,6-16,37.5,4-12,33.3,2-2,100,3,4,0,2,3,3,18,Steph
Sat 1/18,vsWSH,"W

122-114",34,10-22,45.5,4-14,28.6,2-2,100,5,6,1,1,1,1,26,Steph
Wed 1/15,@MIN,"W

116-115",37,10-21,47.6,7-12,58.3,4-4,100,1,8,0,1,1,1,31,Steph
Mon 1/13,@TOR,"L

104-101",35,9-17,52.9,4-10,40,4-4,100,7,7,0,1,2,4,26,Steph
Thu 1/9,@DET,"W

107-104",36,5-21,23.8,2-14,14.3,5-5,100,9,6,0,2,0,3,17,Steph
Tue 1/7,vsMIA,"L

114-98",33,11-22,50,8-17,47.1,1-1,100,7,0,2,1,2,4,31,Steph
Sun 1/5,vsSAC,"L

129-99",30,8-12,66.7,4-8,50,6-6,100,7,0,0,1,3,4,26,Steph
Thu 1/2,vsPHI,"W

139-105",30,11-15,73.3,8-8,100,0-0,0,6,10,0,1,1,2,30,Steph
Tue 12/30,vsCLE,"L

113-95",29,4-14,28.6,3-11,27.3,0-0,0,2,3,1,1,1,1,11,Steph
Sun 12/28,vsPHX,"W

109-105",35,9-22,40.9,4-13,30.8,0-0,0,6,6,0,1,3,5,22,Steph
Thu 12/25,vsLAL,"L

115-113",36,14-24,58.3,8-15,53.3,2-2,100,1,6,0,0,3,4,38,Steph
Tue 12/23,vsIND,"L

111-105",35,2-13,15.4,2-9,22.2,4-4,100,5,7,3,0,1,3,10,Steph
Sun 12/21,@MIN,"W

113-103",34,10-21,47.6,7-16,43.8,4-5,80,3,10,0,1,1,1,31,Steph
Fri 12/19,@MEM,"L

144-93",24,0-7,0,0-6,0,2-2,100,3,1,1,1,0,2,2,Steph
Mon 12/15,vsDAL,"L

143-133",35,9-19,47.4,7-13,53.8,1-1,100,5,10,0,1,1,2,26,Steph
Thu 12/11,@HOU,"L

91-90",34,8-17,47.1,3-9,33.3,0-1,0,3,5,1,2,0,1,19,Steph
Mon 12/8,vsMIN,"W

114-106",35,8-18,44.4,5-11,45.5,9-11,81.8,4,8,0,1,0,3,30,Steph
Sat 12/6,vsMIN,"L

107-90",32,6-17,35.3,3-9,33.3,8-8,100,2,4,0,0,0,3,23,Steph
Wed 12/3,@DEN,"L

119-115",34,8-23,34.8,4-15,26.7,4-4,100,7,11,0,0,0,5,24,Steph
Sun 11/30,@PHX,"L

113-105",32,8-21,38.1,3-10,30,4-5,80,7,4,0,0,1,0,23,Steph
Tue 11/25,vsBKN,"L

128-120",29,8-17,47.1,8-16,50,4-4,100,4,7,0,1,0,3,28,Steph
Sun 11/23,@SA,"L

104-94",32,5-16,31.3,3-10,30,1-1,100,7,5,0,0,1,3,14,Steph
Sat 11/22,@NO,"W

112-108",33,6-13,46.2,4-7,57.1,3-3,100,7,7,1,1,3,4,19,Steph
Thu 11/20,vsATL,"W

120-97",30,7-10,70,4-6,66.7,5-5,100,4,8,1,2,0,5,23,Steph
Tue 11/18,@LAC,"L

102-99",32,10-21,47.6,6-15,40,0-0,0,7,6,1,0,1,3,26,Steph
Sat 11/15,vsMEM,"W

123-118",26,4-9,44.4,3-7,42.9,2-2,100,8,5,0,4,2,3,13,Steph
Wed 11/12,vsDAL,"W

120-117",35,14-27,51.9,5-12,41.7,4-5,80,6,9,2,1,2,4,37,Steph
Mon 11/10,@OKC,"W

127-116",37,13-23,56.5,7-13,53.8,3-4,75,5,7,1,1,2,3,36,Steph
Sat 11/8,@CLE,"L

136-117",24,5-10,50,1-4,25,1-1,100,1,2,0,2,0,6,12,Steph
Thu 11/6,@BOS,"W

118-112",34,8-17,47.1,4-9,44.4,7-7,100,7,9,1,4,2,3,27,Steph
Tue 11/4,@WSH,"W

125-112",24,7-15,46.7,4-9,44.4,6-6,100,3,6,0,0,1,2,24,Steph
Mon 10/27,vsLAC,"L

112-104",27,6-11,54.5,4-7,57.1,2-2,100,4,6,1,2,1,6,18,Steph
Sat 10/25,@UTAH,"W

127-86",27,7-20,35,4-13,30.8,2-2,100,3,4,0,2,3,3,20,Steph
Thu 10/23,@POR,"W

140-104",25,4-10,40,3-7,42.9,6-6,100,9,10,0,2,0,2,17,Steph
Fri 4/4,@GS,"L

118-104",37,13-17,76.5,4-7,57.1,3-3,100,12,9,0,2,2,6,33,Jokic
Tue 4/1,vsMIN,"L

140-139 2OT",53,18-29,62.1,6-11,54.5,19-24,79.2,10,10,0,2,5,4,61,Jokic
Fri 3/28,vsUTAH,"W

129-93",32,8-18,44.4,1-5,20,10-12,83.3,14,6,0,4,0,3,27,Jokic
Wed 3/26,vsMIL,"W

127-117",38,16-25,64,3-6,50,4-7,57.1,10,10,0,0,2,3,39,Jokic
Sat 3/15,vsWSH,"L

126-123",39,16-30,53.3,1-8,12.5,7-7,100,13,9,2,1,3,3,40,Jokic
Fri 3/14,vsLAL,"W

131-126",38,8-16,50,0-4,0,12-17,70.6,7,5,1,3,5,4,28,Jokic
Wed 3/12,vsMIN,"L

115-95",38,13-23,56.5,2-6,33.3,6-8,75,8,4,0,1,3,3,34,Jokic
Mon 3/10,@OKC,"W

140-127",40,15-20,75,1-2,50,4-5,80,18,8,1,1,4,1,35,Jokic
Sun 3/9,@OKC,"L

127-103",41,10-23,43.5,2-10,20,2-6,33.3,13,9,3,1,3,2,24,Jokic
Fri 3/7,vsPHX,"W

149-141 OT",45,13-22,59.1,3-7,42.9,2-3,66.7,21,22,0,3,3,4,31,Jokic
Wed 3/5,vsSAC,"W

116-110",38,9-18,50,0-2,0,4-6,66.7,15,6,0,1,3,7,22,Jokic
Sun 3/2,@BOS,"L

110-103",39,9-15,60,2-3,66.7,0-0,0,14,9,0,2,2,2,20,Jokic
Fri 2/28,@DET,"W

134-119",34,6-12,50,0-3,0,11-12,91.7,17,15,2,1,2,7,23,Jokic
Thu 2/27,@MIL,"L

121-112",38,13-16,81.3,1-2,50,5-7,71.4,14,10,0,1,4,5,32,Jokic
Mon 2/24,@IND,"W

125-116",39,9-14,64.3,0-1,0,0-0,0,9,19,1,3,1,4,18,Jokic
Sat 2/22,vsLAL,"L

123-100",35,2-7,28.6,0-1,0,8-10,80,13,10,0,1,3,6,12,Jokic
Thu 2/20,vsCHA,"W

129-115",37,11-22,50,6-14,42.9,1-2,50,17,9,1,1,1,2,29,Jokic
Wed 2/12,vsPOR,"W

132-121",36,11-20,55,0-3,0,4-4,100,15,10,0,2,4,4,26,Jokic
Mon 2/10,vsPOR,"W

146-117",31,15-22,68.2,2-7,28.6,8-8,100,7,8,1,3,2,5,40,Jokic
Sat 2/8,@PHX,"W

122-105",29,11-13,84.6,1-2,50,3-3,100,11,9,0,0,4,2,26,Jokic
Thu 2/6,vsORL,"W

112-90",31,11-16,68.8,2-4,50,4-6,66.7,10,12,0,2,2,3,28,Jokic
Wed 2/5,vsNO,"W

144-119",36,15-28,53.6,5-13,38.5,3-3,100,8,10,1,1,3,1,38,Jokic
Mon 2/3,vsNO,"W

125-113",36,9-13,69.2,1-3,33.3,8-10,80,14,10,2,1,2,1,27,Jokic
Sat 2/1,@CHA,"W

107-104",37,9-17,52.9,2-7,28.6,8-9,88.9,13,17,1,4,2,4,28,Jokic
Fri 1/31,@PHI,"W

137-134",37,11-16,68.8,2-3,66.7,4-5,80,9,13,0,2,3,6,28,Jokic
Wed 1/29,@NY,"L

122-112",33,6-15,40,3-7,42.9,2-2,100,6,6,1,2,3,2,17,Jokic
Mon 1/27,@CHI,"L

129-121",40,15-21,71.4,1-4,25,2-2,100,12,14,1,1,1,4,33,Jokic
Sat 1/25,@MIN,"L

133-104",32,9-13,69.2,2-4,50,0-1,0,3,11,0,0,0,7,20,Jokic
Thu 1/23,vsSAC,"W

132-123",37,12-19,63.2,2-3,66.7,9-10,90,22,17,2,1,5,1,35,Jokic
Tue 1/21,vsPHI,"W

144-109",30,10-15,66.7,2-3,66.7,5-5,100,13,10,1,4,1,2,27,Jokic
Sun 1/19,@ORL,"W

113-100",30,7-9,77.8,0-0,0,6-7,85.7,14,10,3,3,0,2,20,Jokic
Fri 1/17,@MIA,"W

133-113",31,9-12,75,1-2,50,5-5,100,12,10,0,1,1,2,24,Jokic
Tue 1/14,@DAL,"W

118-99",29,4-7,57.1,1-2,50,1-2,50,14,10,0,2,3,1,10,Jokic
Sun 1/12,@DAL,"W

112-101",39,6-13,46.2,0-2,0,7-9,77.8,18,9,0,3,4,4,19,Jokic
Fri 1/10,vsBKN,"W

124-105",38,14-21,66.7,1-1,100,6-8,75,12,15,0,4,1,1,35,Jokic
Sat 1/4,@SA,"W

122-111 OT",43,19-35,54.3,3-8,37.5,5-6,83.3,9,10,2,2,3,2,46,Jokic
Fri 1/3,vsSA,"L

113-110",37,15-36,41.7,3-10,30,8-9,88.9,18,9,0,2,3,2,41,Jokic
Wed 1/1,vsATL,"W

139-120",30,8-16,50,1-1,100,6-6,100,17,15,1,0,2,2,23,Jokic
Tue 12/30,@UTAH,"W

132-121",38,14-33,42.4,3-9,33.3,5-6,83.3,22,11,0,4,0,2,36,Jokic
Sun 12/28,vsDET,"W

134-121",37,11-17,64.7,4-5,80,11-14,78.6,9,8,0,0,4,2,37,Jokic
Sat 12/27,vsCLE,"L

149-135",36,12-19,63.2,0-3,0,3-4,75,14,13,0,3,1,1,27,Jokic
Thu 12/25,@PHX,"L

110-100",38,10-19,52.6,2-7,28.6,3-4,75,15,2,0,2,1,2,25,Jokic
Tue 12/23,vsPHX,"W

117-90",30,12-17,70.6,4-6,66.7,4-5,80,2,7,0,0,1,1,32,Jokic
Mon 12/22,@NO,"W

132-129 OT",43,11-20,55,2-3,66.7,3-5,60,13,10,1,1,5,3,27,Jokic
Fri 12/19,@POR,"L

126-124",37,13-18,72.2,4-6,66.7,4-4,100,6,8,0,1,4,3,34,Jokic
Tue 12/16,@SAC,"W

130-129",38,8-19,42.1,1-6,16.7,3-4,75,14,13,1,2,0,5,20,Jokic
Sat 12/13,vsLAC,"W

120-98",30,6-9,66.7,2-2,100,2-4,50,7,2,0,2,2,5,16,Jokic
Mon 12/8,@ATL,"W

141-111",35,17-29,58.6,3-6,50,11-13,84.6,14,8,0,3,2,3,48,Jokic
Sun 12/7,@WSH,"L

122-113",39,22-39,56.4,3-6,50,9-13,69.2,16,8,0,1,5,5,56,Jokic
Fri 12/5,@CLE,"L

126-114",39,13-26,50,0-3,0,1-1,100,20,11,0,3,3,3,27,Jokic
Wed 12/3,vsGS,"W

119-115",40,14-24,58.3,3-4,75,7-9,77.8,10,6,1,5,1,4,38,Jokic
Mon 12/1,@LAC,"L

126-122",39,12-24,50,2-7,28.6,2-4,50,14,11,1,1,3,5,28,Jokic
Thu 11/27,@UTAH,"W

122-103",34,13-19,68.4,2-3,66.7,2-3,66.7,10,7,1,1,1,1,30,Jokic
Tue 11/25,vsNY,"L

145-118",32,9-20,45,2-7,28.6,2-2,100,7,7,0,1,1,0,22,Jokic
Sun 11/23,@LAL,"W

127-102",37,12-20,60,3-7,42.9,7-8,87.5,13,8,1,2,3,6,34,Jokic
Sat 11/22,vsDAL,"L

123-120",39,13-22,59.1,2-2,100,5-7,71.4,17,10,0,0,0,3,33,Jokic
Mon 11/10,vsDAL,"W

122-120",38,13-21,61.9,3-3,100,8-8,100,18,15,0,3,2,4,37,Jokic
Sat 11/8,vsMIA,"W

135-122",40,11-13,84.6,1-1,100,7-7,100,11,14,0,2,2,5,30,Jokic
Thu 11/6,vsOKC,"W

124-122",39,9-20,45,1-3,33.3,4-6,66.7,20,16,2,2,2,5,23,Jokic
Tue 11/4,vsTOR,"W

121-119",38,10-22,45.5,1-5,20,7-8,87.5,14,13,2,1,2,7,28,Jokic
Sun 11/2,vsUTAH,"W

129-103",30,10-18,55.6,3-4,75,4-4,100,16,9,0,1,1,5,27,Jokic
Sat 11/1,@MIN,"L

119-116",40,8-16,50,2-3,66.7,8-10,80,9,13,1,3,1,3,26,Jokic
Wed 10/29,@BKN,"W

144-139 OT",41,9-16,56.3,0-0,0,11-13,84.6,18,16,1,0,3,1,29,Jokic
Tue 10/28,@TOR,"W

127-125 OT",44,18-27,66.7,3-5,60,1-2,50,10,4,2,1,2,3,40,Jokic
Sun 10/26,vsLAC,"L

109-104",37,14-26,53.8,7-12,58.3,6-8,75,9,4,1,2,2,5,41,Jokic
Fri 10/24,vsOKC,"L

102-87",35,6-13,46.2,1-3,33.3,3-4,75,12,13,1,2,3,3,16,Jokic
Thu 4/3,@PHI,"W

126-113",39,12-19,63.2,1-1,100,10-11,90.9,17,20,0,2,0,2,35,Giannis
Tue 4/1,vsPHX,"W

133-123",36,12-18,66.7,2-4,50,11-12,91.7,5,11,1,3,1,2,37,Giannis
Sun 3/30,vsATL,"L

145-124",30,11-18,61.1,0-1,0,9-14,64.3,9,5,0,1,3,5,31,Giannis
Fri 3/28,vsNY,"L

116-107",35,11-17,64.7,0-3,0,8-11,72.7,9,7,0,0,5,2,30,Giannis
Mon 3/24,@PHX,"L

108-106",37,12-19,63.2,1-2,50,6-13,46.2,10,5,0,1,3,2,31,Giannis
Sat 3/22,@SAC,"W

114-108",35,12-20,60,0-0,0,8-13,61.5,17,3,1,1,2,2,32,Giannis
Thu 3/20,@LAL,"W

118-89",29,9-15,60,0-0,0,10-12,83.3,7,4,1,2,1,3,28,Giannis
Tue 3/18,@GS,"L

104-93",39,5-16,31.3,0-1,0,10-15,66.7,9,7,2,3,2,1,20,Giannis
Sun 3/16,vsOKC,"L

121-105",36,7-15,46.7,0-0,0,7-12,58.3,12,10,2,1,1,1,21,Giannis
Sat 3/15,vsIND,"W

126-119",35,14-19,73.7,0-0,0,6-6,100,10,7,3,1,6,6,34,Giannis
Thu 3/13,vsLAL,"W

126-106",30,8-17,47.1,0-1,0,8-13,61.5,12,9,1,1,1,3,24,Giannis
Tue 3/11,@IND,"L

115-114",34,9-14,64.3,0-1,0,1-3,33.3,17,7,1,0,3,3,19,Giannis
Sun 3/9,vsCLE,"L

112-100",34,13-24,54.2,0-0,0,4-8,50,9,3,0,2,1,4,30,Giannis
Sat 3/8,vsORL,"L

111-109",35,15-23,65.2,0-0,0,7-11,63.6,11,4,0,1,1,1,37,Giannis
Wed 3/5,vsDAL,"W

137-107",25,13-20,65,0-0,0,6-6,100,15,4,0,1,3,3,32,Giannis
Tue 3/4,@ATL,"W

127-121",34,9-18,50,0-2,0,8-12,66.7,12,10,0,1,2,3,26,Giannis
Sat 3/1,@DAL,"W

132-117",32,9-14,64.3,0-1,0,11-13,84.6,9,9,2,1,2,0,29,Giannis
Thu 2/27,vsDEN,"W

121-112",33,11-23,47.8,1-2,50,5-8,62.5,19,7,1,0,3,2,28,Giannis
Tue 2/25,@HOU,"L

100-97",32,9-17,52.9,0-1,0,9-12,75,10,6,1,1,2,1,27,Giannis
Sun 2/23,vsMIA,"W

120-113",32,11-18,61.1,1-2,50,0-0,0,16,7,1,1,2,3,23,Giannis
Fri 2/21,@WSH,"W

104-101",19,6-9,66.7,0-0,0,6-11,54.5,6,3,1,1,6,7,18,Giannis
Thu 2/20,vsLAC,"W

116-110",24,10-14,71.4,0-2,0,3-5,60,8,4,1,0,3,3,23,Giannis
Sun 2/2,vsMEM,"L

132-119",37,14-21,66.7,2-3,66.7,0-6,0,11,7,1,2,3,4,30,Giannis
Fri 1/31,@SA,"L

144-118",34,13-23,56.5,0-1,0,9-14,64.3,14,6,1,0,3,2,35,Giannis
Tue 1/28,@POR,"L

125-112",36,17-24,70.8,0-0,0,5-10,50,12,5,0,0,4,4,39,Giannis
Mon 1/27,@UTAH,"W

125-110",37,16-23,69.6,0-1,0,3-10,30,18,7,0,2,2,2,35,Giannis
Sat 1/25,@LAC,"L

127-117",35,12-22,54.5,0-1,0,12-15,80,13,1,1,0,3,4,36,Giannis
Thu 1/23,vsMIA,"W

125-96",32,10-18,55.6,0-0,0,5-10,50,12,4,3,0,2,1,25,Giannis
Sun 1/19,vsPHI,"W

123-109",36,13-17,76.5,0-0,0,8-14,57.1,15,6,0,0,2,0,34,Giannis
Fri 1/17,vsTOR,"W

130-112",35,12-20,60,0-1,0,11-18,61.1,13,3,1,1,3,6,35,Giannis
Wed 1/15,vsORL,"W

122-93",30,11-15,73.3,0-0,0,4-8,50,11,4,0,1,0,6,26,Giannis
Tue 1/14,vsSAC,"W

130-115",37,14-23,60.9,0-2,0,5-7,71.4,11,13,2,0,3,3,33,Giannis
Sun 1/12,@NY,"L

140-106",31,10-21,47.6,0-1,0,4-10,40,13,2,1,0,3,4,24,Giannis
Fri 1/10,@ORL,"W

109-106",37,19-29,65.5,0-1,0,3-10,30,14,4,2,3,4,3,41,Giannis
Wed 1/8,vsSA,"W

121-105",36,11-21,52.4,0-1,0,3-7,42.9,16,8,1,0,1,4,25,Giannis
Mon 1/6,@TOR,"W

128-104",29,5-8,62.5,0-1,0,1-2,50,12,13,0,0,1,7,11,Giannis
Sat 1/4,vsPOR,"L

105-102",38,14-27,51.9,0-1,0,3-4,75,11,2,2,2,2,4,31,Giannis
Thu 1/2,vsBKN,"L

113-110",37,12-24,50,0-0,0,3-10,30,13,7,3,1,4,3,27,Giannis
Wed 12/31,@IND,"W

120-112",35,11-20,55,0-0,0,8-13,61.5,12,5,0,2,4,2,30,Giannis
Sat 12/20,@CLE,"L

124-101",30,13-22,59.1,1-1,100,6-10,60,14,3,0,3,2,5,33,Giannis
Wed 12/17,vsOKC,"W

97-81",37,10-19,52.6,0-0,0,6-11,54.5,19,10,3,2,3,4,26,Giannis
Sun 12/14,vsATL,"W

110-102",38,10-15,66.7,0-0,0,12-18,66.7,14,9,4,1,1,1,32,Giannis
Wed 12/10,vsORL,"W

114-109",36,15-24,62.5,0-2,0,7-12,58.3,7,1,4,2,1,6,37,Giannis
Mon 12/8,@BKN,"W

118-113",38,14-22,63.6,0-0,0,6-10,60,11,4,3,1,2,3,34,Giannis
Sat 12/6,@BOS,"L

111-105",36,13-25,52,0-1,0,4-6,66.7,11,1,0,0,0,1,30,Giannis
Thu 12/4,vsATL,"L

119-104",36,8-14,57.1,0-0,0,15-26,57.7,11,5,0,1,2,4,31,Giannis
Wed 12/3,@DET,"W

128-107",28,10-11,90.9,0-0,0,8-12,66.7,7,8,1,0,2,6,28,Giannis
Sun 11/30,vsWSH,"W

124-114",38,15-24,62.5,0-0,0,12-17,70.6,12,11,1,0,0,4,42,Giannis
Sun 11/23,vsCHA,"W

125-119",31,12-23,52.2,1-3,33.3,7-10,70,11,6,2,0,1,4,32,Giannis
Sat 11/22,vsIND,"W

129-117",35,14-21,66.7,0-0,0,9-11,81.8,10,11,1,2,4,6,37,Giannis
Thu 11/20,vsCHI,"W

122-106",35,17-24,70.8,0-1,0,7-14,50,9,8,0,1,1,1,41,Giannis
Tue 11/18,vsHOU,"W

101-100",36,9-17,52.9,0-0,0,2-7,28.6,13,4,3,0,3,8,20,Giannis
Sun 11/16,@CHA,"L

115-114",33,11-22,50,0-1,0,0-1,0,15,12,2,0,2,2,22,Giannis
Thu 11/13,vsDET,"W

127-120 OT",44,21-34,61.8,1-2,50,16-17,94.1,14,7,3,2,1,3,59,Giannis
Wed 11/12,vsTOR,"W

99-85",33,9-12,75,0-1,0,5-9,55.6,4,7,4,0,2,4,23,Giannis
Mon 11/10,vsBOS,"L

113-107",39,18-29,62.1,1-2,50,6-10,60,13,5,2,0,4,1,43,Giannis
Sat 11/8,@NY,"L

116-94",32,11-21,52.4,0-1,0,2-6,33.3,12,2,2,0,2,1,24,Giannis
Fri 11/7,vsUTAH,"W

123-100",30,11-21,52.4,0-0,0,9-12,75,16,2,1,1,5,4,31,Giannis
Sun 11/2,vsCLE,"L

114-113",39,15-27,55.6,0-0,0,4-7,57.1,16,9,0,1,5,0,34,Giannis
Fri 10/31,@MEM,"L

122-99",34,17-22,77.3,0-0,0,3-8,37.5,11,4,1,1,4,1,37,Giannis
Tue 10/28,@BOS,"L

119-108",39,14-26,53.8,0-2,0,2-6,33.3,10,6,0,0,4,7,30,Giannis
Mon 10/27,@BKN,"L

115-102",33,7-11,63.6,0-0,0,8-11,72.7,12,7,1,1,3,4,22,Giannis
Sat 10/25,vsCHI,"L

133-122",35,15-23,65.2,0-1,0,8-16,50,11,5,0,0,1,3,38,Giannis
Thu 10/23,@PHI,"W

124-109",31,8-11,72.7,0-0,0,9-16,56.3,14,7,1,0,4,3,25,Giannis
Fri 4/4,@LAC,"L

114-91",13,1-3,33.3,0-1,0,0-0,0,0,0,0,0,2,1,2,Klay
Wed 4/2,vsATL,"W

120-118",29,6-11,54.5,5-9,55.6,0-0,0,4,2,1,1,1,1,17,Klay
Mon 3/31,vsBKN,"L

113-109",28,5-16,31.3,3-12,25,0-0,0,3,4,1,1,0,0,13,Klay
Sat 3/29,@CHI,"W

120-119",30,6-13,46.2,5-10,50,3-3,100,1,1,0,0,0,0,20,Klay
Thu 3/27,@ORL,"W

101-92",26,5-10,50,2-4,50,0-0,0,4,0,0,0,1,1,12,Klay
Tue 3/25,@NY,"L

128-113",22,2-11,18.2,0-3,0,2-2,100,3,1,0,0,1,1,6,Klay
Mon 3/24,@BKN,"W

120-101",25,3-9,33.3,2-8,25,0-0,0,3,2,0,0,1,0,8,Klay
Fri 3/21,vsDET,"W

123-117",30,6-14,42.9,3-11,27.3,5-6,83.3,5,1,0,0,0,2,20,Klay
Sun 3/16,vsPHI,"L

130-125",35,9-15,60,3-7,42.9,0-0,0,3,2,0,1,1,2,21,Klay
Fri 3/14,@HOU,"L

133-96",26,2-16,12.5,0-3,0,1-1,100,9,3,0,0,1,1,5,Klay
Wed 3/12,@SA,"L

126-116",28,5-9,55.6,2-4,50,0-0,0,4,7,0,0,1,2,12,Klay
Mon 3/10,@SA,"W

133-129",36,8-14,57.1,3-8,37.5,7-7,100,2,3,0,0,2,0,26,Klay
Sun 3/9,vsPHX,"L

125-116",32,8-20,40,5-14,35.7,5-5,100,5,4,0,1,1,2,26,Klay
Fri 3/7,vsMEM,"L

122-111",29,6-19,31.6,3-9,33.3,0-0,0,4,1,3,0,0,1,15,Klay
Wed 3/5,@MIL,"L

137-107",34,11-27,40.7,6-14,42.9,0-0,0,4,4,0,1,0,0,28,Klay
Mon 3/3,vsSAC,"L

122-98",25,1-4,25,1-3,33.3,0-0,0,3,0,0,0,1,2,3,Klay
Sat 3/1,vsMIL,"L

132-117",29,5-14,35.7,4-9,44.4,2-2,100,2,5,0,1,2,2,16,Klay
Thu 2/27,vsCHA,"W

103-96",28,6-12,50,4-7,57.1,2-3,66.7,2,0,2,0,0,0,18,Klay
Tue 2/25,@LAL,"L

107-99",30,8-17,47.1,5-10,50,1-2,50,8,1,0,1,1,1,22,Klay
Sun 2/23,@GS,"L

126-102",25,3-8,37.5,3-7,42.9,2-2,100,2,2,0,2,2,2,11,Klay
Fri 2/21,vsNO,"W

111-103",25,4-11,36.4,4-7,57.1,0-0,0,3,3,0,2,2,1,12,Klay
Wed 2/12,vsGS,"W

111-107",34,6-19,31.6,5-14,35.7,0-0,0,7,2,2,1,2,1,17,Klay
Mon 2/10,vsSAC,"L

129-128 OT",26,7-15,46.7,5-10,50,0-0,0,2,1,1,0,1,0,19,Klay
Sat 2/8,vsHOU,"W

116-105",22,6-14,42.9,1-4,25,0-0,0,4,1,1,0,4,0,13,Klay
Thu 2/6,@BOS,"W

127-120",29,11-17,64.7,3-6,50,0-0,0,3,4,0,0,1,0,25,Klay
Tue 2/4,@PHI,"L

118-116",30,4-11,36.4,3-8,37.5,1-1,100,5,1,0,0,2,2,12,Klay
Sun 2/2,@CLE,"L

144-101",18,1-10,10,0-6,0,0-0,0,5,3,0,0,3,1,2,Klay
Fri 1/31,@DET,"L

117-102",26,5-10,50,3-7,42.9,0-0,0,4,4,1,1,0,2,13,Klay
Wed 1/29,@NO,"W

137-136",29,7-15,46.7,6-11,54.5,0-0,0,4,1,0,0,2,2,20,Klay
Mon 1/27,vsWSH,"W

130-108",24,8-15,53.3,7-12,58.3,0-0,0,3,4,1,0,0,3,23,Klay
Sat 1/25,vsBOS,"L

122-107",26,2-4,50,2-3,66.7,0-0,0,3,0,1,0,0,1,6,Klay
Mon 1/20,@CHA,"L

110-105",30,2-5,40,1-2,50,2-3,66.7,2,2,0,0,0,3,7,Klay
Fri 1/17,vsOKC,"W

106-98",24,2-7,28.6,2-5,40,0-0,0,5,3,1,3,1,0,6,Klay
Wed 1/15,@NO,"L

119-116",26,5-12,41.7,2-9,22.2,0-0,0,1,2,0,0,1,3,12,Klay
Tue 1/14,vsDEN,"L

118-99",21,3-8,37.5,2-6,33.3,0-0,0,3,0,1,0,1,2,8,Klay
Sun 1/12,vsDEN,"L

112-101",35,9-19,47.4,6-13,46.2,1-1,100,6,2,1,1,0,1,25,Klay
Thu 1/9,vsPOR,"W

117-111",22,1-6,16.7,0-4,0,1-1,100,3,4,0,1,1,2,3,Klay
Tue 1/7,vsLAL,"W

118-97",29,5-10,50,3-6,50,0-0,0,0,2,0,1,0,3,13,Klay
Mon 1/6,@MEM,"L

119-104",27,5-16,31.3,3-8,37.5,2-2,100,4,3,2,0,0,1,15,Klay
Fri 1/3,vsCLE,"L

134-122",29,4-13,30.8,4-10,40,4-4,100,3,3,0,1,0,0,16,Klay
Wed 1/1,@HOU,"L

110-99",32,6-11,54.5,4-8,50,0-0,0,5,1,0,1,3,5,16,Klay
Sun 12/28,@POR,"L

126-122",34,5-17,29.4,2-8,25,0-0,0,1,1,0,1,3,1,12,Klay
Sat 12/27,@PHX,"W

98-89",32,4-9,44.4,1-6,16.7,2-2,100,6,5,1,1,1,1,11,Klay
Thu 12/25,vsMIN,"L

105-99",29,4-12,33.3,4-10,40,0-0,0,4,1,2,2,0,2,12,Klay
Tue 12/23,vsPOR,"W

132-108",18,5-10,50,3-8,37.5,0-0,0,2,2,0,2,1,1,13,Klay
Sun 12/21,vsLAC,"W

113-97",24,6-9,66.7,4-6,66.7,0-0,0,1,1,0,4,4,1,16,Klay
Fri 12/19,vsLAC,"L

118-95",30,9-17,52.9,2-9,22.2,2-2,100,3,3,0,2,0,4,22,Klay
Mon 12/15,@GS,"W

143-133",29,9-14,64.3,7-11,63.6,4-5,80,5,4,1,2,3,1,29,Klay
Wed 12/10,@OKC,"L

118-104",28,7-14,50,5-10,50,0-0,0,4,0,0,0,2,0,19,Klay
Sun 12/7,@TOR,"W

125-118",25,8-16,50,3-9,33.3,1-2,50,5,0,0,1,2,3,20,Klay
Fri 12/5,@WSH,"W

137-101",21,4-9,44.4,3-5,60,0-0,0,2,2,0,0,0,1,11,Klay
Wed 12/3,vsMEM,"W

121-116",20,1-5,20,0-3,0,2-2,100,2,3,0,1,1,2,4,Klay
Mon 11/24,@MIA,"L

123-118 OT",31,5-12,41.7,3-5,60,2-3,66.7,6,1,2,1,2,0,15,Klay
Sat 11/22,@DEN,"W

123-120",23,0-8,0,0-4,0,0-0,0,4,4,1,0,2,2,0,Klay
Wed 11/19,vsNO,"W

132-91",24,6-15,40,5-9,55.6,2-2,100,4,1,0,2,0,0,19,Klay
Mon 11/17,@OKC,"W

121-119",25,1-11,9.1,1-8,12.5,2-2,100,3,0,1,2,0,0,5,Klay
Sun 11/16,vsSA,"W

110-93",19,4-7,57.1,1-3,33.3,0-0,0,0,0,0,0,0,1,9,Klay
Fri 11/14,@UTAH,"L

115-113",28,6-17,35.3,5-13,38.5,0-0,0,3,2,1,0,0,3,17,Klay
Wed 11/12,@GS,"L

120-117",34,7-17,41.2,6-12,50,2-2,100,4,3,0,0,5,2,22,Klay
Mon 11/10,@DEN,"L

122-120",33,4-13,30.8,1-6,16.7,1-1,100,5,4,0,0,2,1,10,Klay
Sat 11/8,vsPHX,"L

114-113",34,4-13,30.8,1-7,14.3,3-3,100,4,2,0,0,3,1,12,Klay
Thu 11/6,vsCHI,"W

119-99",25,5-10,50,3-7,42.9,0-0,0,6,1,0,0,1,1,13,Klay
Tue 11/4,vsIND,"L

134-127",34,6-12,50,4-8,50,0-0,0,2,3,0,0,0,2,16,Klay
Mon 11/3,vsORL,"W

108-85",29,4-10,40,1-5,20,0-0,0,5,4,2,0,0,1,9,Klay
Fri 10/31,vsHOU,"L

108-102",30,5-13,38.5,2-9,22.2,0-0,0,1,1,0,1,1,0,12,Klay
Wed 10/29,@MIN,"W

120-114",30,2-7,28.6,2-7,28.6,1-1,100,0,1,0,1,1,0,7,Klay
Tue 10/28,vsUTAH,"W

110-102",28,7-15,46.7,4-11,36.4,0-0,0,4,2,0,0,0,1,18,Klay
Sun 10/26,@PHX,"L

114-102",33,7-16,43.8,5-12,41.7,0-0,0,3,1,0,1,4,1,19,Klay
Fri 10/24,vsSA,"W

120-109",26,7-13,53.8,6-10,60,2-2,100,7,1,0,3,1,0,22,Klay
Sun 3/30,vsHOU,"L

148-109",23,5-11,45.5,1-3,33.3,0-0,0,7,1,0,1,1,1,11,Kevin
Fri 3/28,@MIN,"L

124-109",34,7-19,36.8,3-6,50,6-6,100,6,2,2,2,1,4,23,Kevin
Wed 3/26,vsBOS,"L

132-102",30,11-16,68.8,3-4,75,5-5,100,1,2,0,0,2,1,30,Kevin
Mon 3/24,vsMIL,"W

108-106",37,11-21,52.4,7-9,77.8,9-10,90,8,5,3,0,3,5,38,Kevin
Fri 3/21,vsCLE,"W

123-112",39,17-29,58.6,4-9,44.4,4-4,100,6,8,1,0,1,3,42,Kevin
Wed 3/19,vsCHI,"W

127-121",36,8-15,53.3,3-7,42.9,7-8,87.5,4,8,0,0,1,1,26,Kevin
Mon 3/17,vsTOR,"W

129-89",26,5-7,71.4,1-1,100,3-3,100,3,3,0,1,1,4,14,Kevin
Sun 3/16,@LAL,"L

107-96",37,6-17,35.3,2-7,28.6,7-10,70,9,2,0,0,3,5,21,Kevin
Fri 3/14,vsSAC,"W

122-106",36,7-15,46.7,4-6,66.7,4-4,100,4,6,2,1,0,4,22,Kevin
Wed 3/12,@HOU,"L

111-104",37,8-12,66.7,2-2,100,1-2,50,7,0,1,1,1,5,19,Kevin
Mon 3/10,@MEM,"L

120-118",41,11-24,45.8,7-9,77.8,6-6,100,5,5,1,0,3,3,35,Kevin
Sun 3/9,@DAL,"W

125-116",38,8-15,53.3,1-3,33.3,4-4,100,9,8,1,0,0,6,21,Kevin
Fri 3/7,@DEN,"L

149-141 OT",46,10-16,62.5,3-7,42.9,6-7,85.7,9,5,0,0,1,3,29,Kevin
Tue 3/4,vsLAC,"W

119-117",41,10-22,45.5,4-11,36.4,10-10,100,7,4,2,1,2,2,34,Kevin
Sun 3/2,vsMIN,"L

116-98",38,10-23,43.5,3-9,33.3,3-7,42.9,10,4,2,0,2,4,26,Kevin
Fri 2/28,vsNO,"W

125-108",35,7-10,70,2-2,100,1-1,100,2,6,0,3,3,2,17,Kevin
Thu 2/27,vsNO,"L

124-116",36,12-23,52.2,4-13,30.8,0-0,0,5,2,1,1,2,2,28,Kevin
Tue 2/25,@MEM,"L

151-148 OT",43,8-19,42.1,3-7,42.9,7-7,100,8,7,0,1,1,4,26,Kevin
Sun 2/23,@TOR,"L

127-109",40,5-15,33.3,0-5,0,5-7,71.4,4,4,3,3,2,2,15,Kevin
Sat 2/22,@CHI,"W

121-117",38,9-15,60,3-6,50,6-6,100,10,5,1,0,0,2,27,Kevin
Thu 2/20,@SA,"L

120-109",39,9-13,69.2,3-6,50,1-2,50,5,2,0,0,0,1,22,Kevin
Wed 2/12,@HOU,"L

119-111",42,15-22,68.2,2-5,40,5-5,100,5,9,0,2,5,7,37,Kevin
Tue 2/11,vsMEM,"L

119-112",43,12-18,66.7,3-4,75,7-10,70,3,3,5,1,3,1,34,Kevin
Mon 2/3,@POR,"L

121-119 OT",46,10-21,47.6,2-9,22.2,5-6,83.3,5,5,2,1,1,4,27,Kevin
Sat 2/1,@POR,"L

127-108",33,9-18,50,1-4,25,3-3,100,1,3,0,0,2,3,22,Kevin
Fri 1/31,@GS,"W

130-105",29,6-13,46.2,5-9,55.6,2-4,50,6,3,1,1,2,1,19,Kevin
Wed 1/29,vsMIN,"L

121-113",40,13-19,68.4,4-8,50,3-4,75,2,7,4,2,3,0,33,Kevin
Mon 1/27,vsLAC,"W

111-109",40,9-19,47.4,4-8,50,2-2,100,4,5,0,2,1,5,24,Kevin
Sat 1/25,vsWSH,"W

119-109",39,11-19,57.9,5-8,62.5,2-2,100,5,4,0,1,1,2,29,Kevin
Wed 1/22,@BKN,"W

108-84",30,8-15,53.3,4-7,57.1,4-4,100,8,3,1,0,0,1,24,Kevin
Mon 1/20,@CLE,"L

118-92",31,9-16,56.3,1-1,100,4-4,100,7,1,2,0,2,3,23,Kevin
Sat 1/18,@DET,"W

125-121",38,13-27,48.1,2-8,25,8-12,66.7,7,5,3,2,2,2,36,Kevin
Thu 1/16,@WSH,"W

130-123",33,8-16,50,1-5,20,6-8,75,6,3,2,1,2,2,23,Kevin
Tue 1/14,@ATL,"L

122-117",39,13-20,65,0-2,0,5-7,71.4,8,6,2,2,0,3,31,Kevin
Sun 1/12,vsCHA,"W

120-113",40,11-24,45.8,2-9,22.2,3-3,100,8,5,0,1,5,1,27,Kevin
Sat 1/11,vsUTAH,"W

114-106",36,11-19,57.9,1-4,25,2-3,66.7,5,7,0,1,1,5,25,Kevin
Thu 1/9,vsATL,"W

123-115",36,9-15,60,2-7,28.6,3-4,75,2,7,3,0,1,3,23,Kevin
Tue 1/7,@CHA,"L

115-104",36,8-18,44.4,1-6,16.7,9-10,90,6,2,1,0,2,2,26,Kevin
Mon 1/6,@PHI,"W

109-99",34,9-14,64.3,3-4,75,2-3,66.7,6,5,1,1,1,3,23,Kevin
Sat 1/4,@IND,"L

126-108",38,9-14,64.3,1-3,33.3,6-6,100,7,7,1,0,1,5,25,Kevin
Wed 12/31,vsMEM,"L

117-112",39,11-19,57.9,2-5,40,5-7,71.4,10,6,2,1,2,3,29,Kevin
Sun 12/28,@GS,"L

109-105",37,10-24,41.7,1-5,20,10-12,83.3,6,3,4,0,2,8,31,Kevin
Sat 12/27,vsDAL,"L

98-89",38,11-19,57.9,3-4,75,10-12,83.3,3,0,0,0,1,1,35,Kevin
Thu 12/25,vsDEN,"W

110-100",38,9-26,34.6,0-5,0,9-9,100,4,6,2,2,3,0,27,Kevin
Tue 12/23,@DEN,"L

117-90",31,8-15,53.3,2-3,66.7,5-6,83.3,9,2,1,2,1,3,23,Kevin
Sun 12/21,vsDET,"L

133-125",39,14-26,53.8,4-9,44.4,11-11,100,5,6,0,2,4,8,43,Kevin
Fri 12/19,vsIND,"L

120-111",38,15-27,55.6,3-6,50,4-6,66.7,10,6,0,1,1,5,37,Kevin
Mon 12/15,vsPOR,"W

116-109",36,9-23,39.1,1-9,11.1,1-2,50,7,7,0,1,1,1,20,Kevin
Sat 12/13,@UTAH,"W

134-126",34,8-17,47.1,2-5,40,12-12,100,3,8,1,1,2,1,30,Kevin
Wed 12/3,vsSA,"W

104-93",16,5-8,62.5,2-2,100,1-2,50,4,2,0,0,0,3,13,Kevin
Sun 11/30,vsGS,"W

113-105",36,7-20,35,3-8,37.5,4-6,66.7,10,3,3,0,1,3,21,Kevin
Thu 11/27,vsBKN,"L

127-117",33,10-18,55.6,3-6,50,7-10,70,8,2,3,0,3,7,30,Kevin
Wed 11/26,vsLAL,"W

127-100",30,9-17,52.9,3-6,50,2-2,100,6,2,0,0,2,0,23,Kevin
Sat 11/8,@DAL,"W

114-113",37,8-14,57.1,3-6,50,7-7,100,5,4,2,1,2,1,26,Kevin
Thu 11/6,vsMIA,"W

115-112",37,13-23,56.5,4-11,36.4,2-3,66.7,8,3,1,1,1,6,32,Kevin
Tue 11/4,vsPHI,"W

118-116",39,14-20,70,2-5,40,5-5,100,4,6,1,0,2,3,35,Kevin
Sun 11/2,vsPOR,"W

103-97",38,7-16,43.8,3-8,37.5,4-5,80,9,2,0,0,1,3,21,Kevin
Fri 10/31,@LAC,"W

125-119",39,7-13,53.8,2-4,50,2-3,66.7,5,4,2,1,1,4,18,Kevin
Tue 10/28,vsLAL,"W

109-105",38,11-20,55,2-6,33.3,6-7,85.7,8,4,4,0,2,2,30,Kevin
Sun 10/26,vsDAL,"W

114-102",39,10-21,47.6,4-8,50,7-9,77.8,9,2,1,1,0,1,31,Kevin
Sat 10/25,@LAL,"L

123-116",39,11-17,64.7,2-3,66.7,6-7,85.7,4,6,1,0,3,3,30,Kevin
Thu 10/23,@LAC,"W

116-113 OT",44,8-17,47.1,2-5,40,7-9,77.8,7,0,1,3,4,7,25,Kevin
Thu 4/3,@BKN,"W

105-90",32,10-15,66.7,5-10,50,3-5,60,5,3,1,2,3,2,28,Anthony
Tue 4/1,@DEN,"W

140-139 2OT",50,12-25,48,5-15,33.3,5-7,71.4,10,8,0,1,4,5,34,Anthony
Sun 3/30,vsDET,"W

123-104",36,9-19,47.4,4-10,40,3-4,75,6,4,2,0,4,4,25,Anthony
Fri 3/28,vsPHX,"W

124-109",28,8-19,42.1,4-10,40,0-0,0,4,5,0,1,1,2,20,Anthony
Mon 3/24,@IND,"L

119-103",34,7-19,36.8,1-11,9.1,2-3,66.7,2,4,0,1,2,3,17,Anthony
Fri 3/21,vsNO,"W

134-93",26,6-13,46.2,3-7,42.9,2-2,100,3,5,0,2,0,3,17,Anthony
Wed 3/19,vsNO,"L

119-115",38,5-19,26.3,4-10,40,15-17,88.2,6,4,1,1,0,2,29,Anthony
Mon 3/17,vsIND,"L

132-130 OT",41,9-24,37.5,1-11,9.1,19-20,95,3,5,2,2,3,3,38,Anthony
Sun 3/16,vsUTAH,"W

128-102",31,16-27,59.3,5-14,35.7,4-6,66.7,2,2,0,1,1,1,41,Anthony
Fri 3/14,vsORL,"W

118-111",39,9-19,47.4,3-8,37.5,7-8,87.5,4,5,1,0,2,3,28,Anthony
Wed 3/12,@DEN,"W

115-95",35,10-22,45.5,5-12,41.7,4-5,80,4,6,0,1,2,3,29,Anthony
Sun 3/9,vsSA,"W

141-124",30,10-15,66.7,2-5,40,3-3,100,3,3,0,1,0,3,25,Anthony
Fri 3/7,@MIA,"W

106-104",39,4-10,40,3-8,37.5,2-4,50,13,6,0,0,1,2,13,Anthony
Wed 3/5,@CHA,"W

125-110",38,9-20,45,6-13,46.2,5-8,62.5,3,6,1,2,2,0,29,Anthony
Tue 3/4,vsPHI,"W

126-112",30,5-11,45.5,2-6,33.3,6-7,85.7,5,1,0,0,2,2,18,Anthony
Sun 3/2,@PHX,"W

116-98",36,12-22,54.5,6-14,42.9,14-14,100,5,7,0,2,0,1,44,Anthony
Thu 2/27,@LAL,"L

111-102",26,6-12,50,2-6,33.3,4-4,100,6,5,0,1,1,0,18,Anthony
Mon 2/24,@OKC,"W

131-128 OT",36,5-15,33.3,1-6,16.7,6-10,60,13,8,1,0,4,4,17,Anthony
Sun 2/23,vsOKC,"L

130-123",39,8-21,38.1,4-13,30.8,9-10,90,10,7,0,2,3,5,29,Anthony
Fri 2/21,@HOU,"L

121-115",39,13-32,40.6,4-14,28.6,7-10,70,4,3,1,0,2,3,37,Anthony
Thu 2/13,vsOKC,"W

116-101",36,5-18,27.8,3-12,25,10-11,90.9,7,7,0,3,0,2,23,Anthony
Wed 2/12,vsMIL,"L

103-101",37,10-33,30.3,4-17,23.5,4-5,80,7,4,0,2,0,2,28,Anthony
Mon 2/10,@CLE,"L

128-107",37,13-28,46.4,8-15,53.3,10-13,76.9,6,1,0,1,0,7,44,Anthony
Thu 2/6,vsHOU,"W

127-114",38,11-25,44,5-12,41.7,14-15,93.3,7,6,1,0,3,4,41,Anthony
Wed 2/5,vsCHI,"W

127-108",37,13-28,46.4,6-14,42.9,17-18,94.4,9,3,1,1,2,5,49,Anthony
Mon 2/3,vsSAC,"L

116-114",38,7-21,33.3,3-10,30,4-4,100,6,4,1,2,3,3,21,Anthony
Thu 1/30,@UTAH,"W

138-113",35,12-18,66.7,6-9,66.7,6-7,85.7,6,11,3,0,3,3,36,Anthony
Wed 1/29,@PHX,"W

121-113",40,11-20,55,3-8,37.5,8-9,88.9,7,5,4,2,2,7,33,Anthony
Mon 1/27,vsATL,"W

100-92",35,6-20,30,2-11,18.2,9-13,69.2,5,4,1,2,2,3,23,Anthony
Sat 1/25,vsDEN,"W

133-104",33,14-23,60.9,3-8,37.5,3-4,75,1,9,0,0,4,3,34,Anthony
Wed 1/22,@DAL,"W

115-114",37,6-19,31.6,2-7,28.6,7-8,87.5,5,7,0,0,0,3,21,Anthony
Mon 1/20,@MEM,"L

108-106",38,8-19,42.1,3-8,37.5,13-18,72.2,4,3,1,0,1,5,32,Anthony
Sat 1/18,vsCLE,"L

124-117",41,9-22,40.9,4-9,44.4,6-6,100,3,5,1,1,2,2,28,Anthony
Fri 1/17,@NY,"W

116-99",38,12-21,57.1,8-13,61.5,4-4,100,13,7,0,0,0,6,36,Anthony
Wed 1/15,vsGS,"L

116-115",41,7-19,36.8,4-9,44.4,10-11,90.9,8,2,1,1,1,5,28,Anthony
Mon 1/13,@WSH,"W

120-106",36,14-25,56,5-11,45.5,8-8,100,6,7,1,3,2,7,41,Anthony
Sat 1/11,vsMEM,"L

127-125",39,4-13,30.8,0-5,0,7-7,100,5,6,0,1,3,6,15,Anthony
Thu 1/9,@ORL,"W

104-89",36,5-19,26.3,4-11,36.4,7-9,77.8,3,7,0,2,2,2,21,Anthony
Tue 1/7,@NO,"W

104-97",38,10-21,47.6,7-11,63.6,5-6,83.3,9,3,0,2,3,4,32,Anthony
Mon 1/6,vsLAC,"W

108-106",37,14-29,48.3,6-13,46.2,3-4,75,7,8,0,1,2,2,37,Anthony
Sat 1/4,@DET,"L

119-105",44,16-31,51.6,10-15,66.7,11-12,91.7,6,2,0,0,4,6,53,Anthony
Thu 1/2,vsBOS,"L

118-115",36,5-16,31.3,2-9,22.2,3-4,75,4,6,0,0,0,2,15,Anthony
Wed 12/31,@OKC,"L

113-105",39,6-12,50,4-7,57.1,4-4,100,7,2,1,0,3,3,20,Anthony
Mon 12/29,vsSA,"W

112-110",38,6-20,30,1-9,11.1,1-1,100,8,4,1,0,1,2,14,Anthony
Sat 12/27,@HOU,"W

113-112",35,9-17,52.9,4-8,50,2-3,66.7,5,3,1,0,3,3,24,Anthony
Thu 12/25,@DAL,"W

105-99",39,11-24,45.8,4-7,57.1,0-0,0,8,5,1,2,0,4,26,Anthony
Tue 12/23,@ATL,"L

117-104",32,7-20,35,1-7,14.3,1-1,100,6,4,0,2,1,5,16,Anthony
Sun 12/21,vsGS,"L

113-103",39,6-20,30,4-11,36.4,3-4,75,7,5,0,0,4,1,19,Anthony
Fri 12/19,vsNY,"L

133-107",34,7-16,43.8,3-7,42.9,0-0,0,5,7,1,3,0,2,17,Anthony
Mon 12/15,@SA,"W

106-92",28,10-21,47.6,3-7,42.9,3-3,100,5,2,0,0,3,1,26,Anthony
Sat 12/13,vsLAL,"W

97-87",33,9-20,45,2-7,28.6,3-5,60,6,1,1,1,1,5,23,Anthony
Mon 12/8,@GS,"L

114-106",37,10-19,52.6,5-9,55.6,2-2,100,5,6,0,1,3,6,27,Anthony
Sat 12/6,@GS,"W

107-90",35,11-18,61.1,4-10,40,4-4,100,4,9,2,1,1,4,30,Anthony
Thu 12/4,@LAC,"W

108-80",26,5-14,35.7,4-9,44.4,2-2,100,6,4,0,4,3,2,16,Anthony
Tue 12/2,vsLAL,"W

109-80",27,3-13,23.1,1-5,20,1-2,50,7,3,0,2,1,3,8,Anthony
Sat 11/29,vsLAC,"W

93-92",36,7-21,33.3,4-9,44.4,3-5,60,4,3,0,2,0,4,21,Anthony
Thu 11/27,vsSAC,"L

115-104",37,9-24,37.5,4-9,44.4,7-8,87.5,5,5,0,3,0,1,29,Anthony
Wed 11/26,vsHOU,"L

117-111 OT",43,8-22,36.4,3-12,25,10-10,100,10,1,3,1,1,3,29,Anthony
Mon 11/24,@BOS,"L

107-105",39,9-21,42.9,6-11,54.5,4-4,100,9,7,0,0,3,3,28,Anthony
Fri 11/21,@TOR,"L

110-105",36,9-20,45,5-9,55.6,3-3,100,3,2,2,2,4,2,26,Anthony
Mon 11/17,vsPHX,"W

120-117",39,9-14,64.3,3-7,42.9,3-3,100,4,6,0,1,2,2,24,Anthony
Sat 11/15,@SAC,"W

130-126 OT",42,14-27,51.9,6-14,42.9,2-2,100,5,2,0,0,4,2,36,Anthony
Thu 11/13,@POR,"L

106-98",40,10-25,40,0-9,0,4-4,100,4,4,1,4,2,3,24,Anthony
Wed 11/12,@POR,"L

122-108",37,8-19,42.1,4-10,40,6-6,100,0,3,1,2,2,1,26,Anthony
Mon 11/10,vsMIA,"L

95-94",37,8-24,33.3,4-14,28.6,2-3,66.7,5,6,0,2,3,6,22,Anthony
Sat 11/8,vsPOR,"W

127-102",30,12-21,57.1,9-15,60,4-5,80,6,5,1,1,2,6,37,Anthony
Fri 11/7,@CHI,"W

135-119",35,13-23,56.5,5-9,55.6,2-2,100,8,6,1,0,2,2,33,Anthony
Tue 11/4,vsCHA,"W

114-93",29,6-11,54.5,4-6,66.7,5-7,71.4,5,1,0,1,1,1,21,Anthony
Sun 11/2,@SA,"L

113-103",36,8-17,47.1,3-7,42.9,2-4,50,5,2,0,2,0,3,21,Anthony
Sat 11/1,vsDEN,"W

119-116",38,11-23,47.8,7-14,50,0-0,0,4,4,1,1,1,2,29,Anthony
Wed 10/29,vsDAL,"L

120-114",37,12-20,60,7-13,53.8,6-12,50,6,3,1,0,1,5,37,Anthony
Sun 10/26,vsTOR,"W

112-101",39,9-21,42.9,5-12,41.7,1-3,33.3,6,4,1,1,3,4,24,Anthony
Fri 10/24,@SAC,"W

117-115",39,10-24,41.7,5-15,33.3,7-7,100,7,4,0,1,4,3,32,Anthony
Wed 10/22,@LAL,"L

110-103",41,10-25,40,5-13,38.5,2-3,66.7,6,3,0,0,3,4,27,Anthony
Fri 4/4,@HOU,"L

125-111",35,10-22,45.5,1-6,16.7,1-2,50,4,8,0,3,2,3,22,Shai
Wed 4/2,vsDET,"W

119-103",35,10-26,38.5,2-7,28.6,11-12,91.7,6,3,2,3,1,1,33,Shai
Mon 3/31,vsCHI,"W

145-117",27,9-14,64.3,2-2,100,7-7,100,0,12,2,0,0,2,27,Shai
Sat 3/29,vsIND,"W

132-111",31,10-23,43.5,3-6,50,10-12,83.3,7,8,0,1,2,0,33,Shai
Thu 3/27,vsMEM,"W

125-104",34,15-25,60,0-2,0,7-9,77.8,3,6,0,3,0,0,37,Shai
Tue 3/25,@SAC,"W

121-105",33,10-23,43.5,3-6,50,9-10,90,8,5,0,0,2,5,32,Shai
Sun 3/23,@LAC,"W

103-101",37,7-29,24.1,1-7,14.3,11-11,100,3,8,2,2,2,1,26,Shai
Fri 3/21,vsCHA,"W

141-106",30,13-18,72.2,2-2,100,2-2,100,6,9,0,1,2,1,30,Shai
Sun 3/16,@MIL,"W

121-105",34,11-27,40.7,0-5,0,9-11,81.8,2,8,1,0,1,1,31,Shai
Sat 3/15,@DET,"W

113-107",38,17-26,65.4,4-6,66.7,10-10,100,4,6,1,3,1,2,48,Shai
Wed 3/12,@BOS,"W

118-112",39,11-20,55,2-7,28.6,10-11,90.9,5,7,0,1,3,5,34,Shai
Mon 3/10,vsDEN,"L

140-127",36,8-14,57.1,3-7,42.9,6-6,100,3,7,2,1,2,3,25,Shai
Sun 3/9,vsDEN,"W

127-103",35,15-32,46.9,2-11,18.2,8-8,100,8,5,3,0,3,1,40,Shai
Wed 3/5,@MEM,"W

120-103",35,14-25,56,3-5,60,10-10,100,2,8,0,2,5,4,41,Shai
Mon 3/3,vsHOU,"W

137-128",36,18-30,60,5-9,55.6,10-10,100,5,7,1,1,1,2,51,Shai
Sun 3/2,@SA,"W

146-132",32,10-19,52.6,3-5,60,8-9,88.9,4,8,2,1,1,0,31,Shai
Fri 2/28,@ATL,"W

135-119",34,12-23,52.2,3-7,42.9,4-4,100,3,5,0,2,0,1,31,Shai
Wed 2/26,@BKN,"W

129-121",34,7-11,63.6,1-2,50,12-13,92.3,6,5,0,2,2,3,27,Shai
Mon 2/24,vsMIN,"L

131-128 OT",42,11-20,55,3-5,60,14-17,82.4,10,8,0,0,5,4,39,Shai
Sun 2/23,@MIN,"W

130-123",38,13-24,54.2,3-6,50,8-11,72.7,8,8,3,3,3,5,37,Shai
Fri 2/21,@UTAH,"W

130-107",32,7-16,43.8,1-4,25,6-6,100,2,8,3,1,1,3,21,Shai
Thu 2/13,@MIN,"L

116-101",34,6-21,28.6,1-2,50,11-11,100,8,9,0,0,2,1,24,Shai
Wed 2/12,vsMIA,"W

115-101",38,11-22,50,4-9,44.4,6-9,66.7,5,9,0,2,4,1,32,Shai
Mon 2/10,vsNO,"W

137-101",31,10-20,50,4-9,44.4,7-8,87.5,1,2,1,3,1,1,31,Shai
Sat 2/8,@MEM,"W

125-112",34,8-26,30.8,3-5,60,13-16,81.3,0,8,2,0,5,0,32,Shai
Fri 2/7,vsTOR,"W

121-109",29,5-12,41.7,1-6,16.7,14-14,100,4,6,0,1,1,2,25,Shai
Wed 2/5,vsPHX,"W

140-109",34,18-29,62.1,3-7,42.9,11-12,91.7,8,5,1,2,3,1,50,Shai
Mon 2/3,vsMIL,"W

125-96",22,15-19,78.9,2-3,66.7,2-3,66.7,3,6,0,0,1,3,34,Shai
Sat 2/1,vsSAC,"W

144-110",30,10-20,50,1-6,16.7,8-10,80,6,9,2,0,2,4,29,Shai
Wed 1/29,@GS,"L

116-109",39,16-29,55.2,2-6,33.3,18-21,85.7,3,4,0,1,4,3,52,Shai
Sun 1/26,@POR,"W

118-108",37,12-25,48,2-4,50,9-9,100,5,1,0,3,1,2,35,Shai
Thu 1/23,vsDAL,"L

121-115",40,12-25,48,1-3,33.3,6-6,100,1,7,0,0,4,3,31,Shai
Wed 1/22,vsUTAH,"W

123-114",37,17-35,48.6,3-10,30,17-18,94.4,8,5,2,3,3,3,54,Shai
Sun 1/19,vsBKN,"W

127-101",29,8-14,57.1,1-4,25,10-10,100,3,10,1,4,1,2,27,Shai
Thu 1/16,vsCLE,"W

134-114",29,17-26,65.4,1-5,20,5-5,100,3,8,0,2,1,2,40,Shai
Tue 1/14,@PHI,"W

118-102",33,12-15,80,1-3,33.3,7-8,87.5,3,9,1,2,4,4,32,Shai
Sun 1/12,@WSH,"W

136-95",30,5-17,29.4,1-4,25,16-17,94.1,7,4,0,2,3,3,27,Shai
Fri 1/10,@NY,"W

126-101",29,15-21,71.4,1-1,100,8-8,100,3,2,1,2,2,2,39,Shai
Wed 1/8,@CLE,"L

129-122",38,13-27,48.1,1-6,16.7,4-4,100,5,4,2,3,5,5,31,Shai
Sun 1/5,vsBOS,"W

105-92",39,11-23,47.8,3-6,50,8-8,100,11,6,2,3,2,3,33,Shai
Fri 1/3,vsNY,"W

117-107",37,12-26,46.2,2-3,66.7,7-7,100,4,7,1,1,1,2,33,Shai
Thu 1/2,vsLAC,"W

116-98",30,9-17,52.9,2-5,40,9-9,100,3,8,0,2,1,1,29,Shai
Wed 12/31,vsMIN,"W

113-105",34,15-23,65.2,3-5,60,7-9,77.8,3,2,0,4,1,3,40,Shai
Mon 12/29,vsMEM,"W

130-106",28,14-19,73.7,1-5,20,6-6,100,6,7,4,1,1,1,35,Shai
Sun 12/28,@CHA,"W

106-94",33,8-15,53.3,1-6,16.7,5-6,83.3,4,6,1,2,4,6,22,Shai
Fri 12/26,@IND,"W

120-114",38,15-22,68.2,4-5,80,11-11,100,7,8,2,1,2,1,45,Shai
Tue 12/23,vsWSH,"W

123-105",35,14-25,56,3-6,50,10-10,100,9,3,3,3,3,3,41,Shai
Sat 12/20,@MIA,"W

104-97",38,10-25,40,3-9,33.3,2-2,100,7,4,0,2,1,3,25,Shai
Fri 12/19,@ORL,"W

105-99",36,15-26,57.7,1-5,20,4-4,100,4,6,2,4,1,4,35,Shai
Wed 12/17,vsMIL,"L

97-81",36,8-24,33.3,2-9,22.2,3-4,75,4,2,0,2,3,3,21,Shai
Sun 12/14,vsHOU,"W

111-96",38,8-21,38.1,2-6,33.3,14-15,93.3,8,6,1,5,3,1,32,Shai
Wed 12/10,vsDAL,"W

118-104",38,15-23,65.2,5-9,55.6,4-4,100,8,5,1,3,3,2,39,Shai
Sun 12/7,@NO,"W

119-109",34,10-18,55.6,1-3,33.3,10-12,83.3,2,4,0,0,5,4,31,Shai
Fri 12/5,@TOR,"W

129-92",30,11-22,50,1-10,10,7-8,87.5,4,5,2,2,2,2,30,Shai
Wed 12/3,vsUTAH,"W

133-106",30,11-19,57.9,2-6,33.3,2-2,100,6,7,0,3,4,0,26,Shai
Mon 12/1,@HOU,"L

119-116",36,10-19,52.6,3-7,42.9,9-11,81.8,8,5,0,2,2,2,32,Shai
Sat 11/29,@LAL,"W

101-93",37,13-28,46.4,3-10,30,7-8,87.5,6,9,1,2,3,3,36,Shai
Thu 11/27,@GS,"W

105-101",39,13-28,46.4,3-12,25,6-10,60,9,5,2,1,3,3,35,Shai
Tue 11/25,@SAC,"W

130-109",35,13-20,65,4-7,57.1,7-11,63.6,4,11,0,0,2,6,37,Shai
Thu 11/20,vsPOR,"W

109-99",39,7-19,36.8,0-2,0,14-14,100,5,4,1,3,2,2,28,Shai
Wed 11/19,@SA,"L

110-104",37,11-20,55,5-8,62.5,5-6,83.3,3,8,0,3,3,4,32,Shai
Mon 11/17,vsDAL,"L

121-119",38,13-19,68.4,1-1,100,9-11,81.8,2,8,2,2,1,1,36,Shai
Sat 11/15,vsPHX,"W

99-83",33,11-25,44,2-7,28.6,4-4,100,6,4,1,0,2,2,28,Shai
Thu 11/13,vsNO,"W

106-88",33,12-25,48,3-7,42.9,2-3,66.7,5,5,2,2,0,2,29,Shai
Tue 11/11,vsLAC,"W

134-128",39,13-21,61.9,4-8,50,15-16,93.8,3,9,2,5,3,1,45,Shai
Mon 11/10,vsGS,"L

127-116",34,6-17,35.3,0-2,0,12-14,85.7,5,4,1,0,0,4,24,Shai
Sat 11/8,vsHOU,"W

126-107",29,11-16,68.8,1-2,50,6-7,85.7,5,4,1,1,2,3,29,Shai
Thu 11/6,@DEN,"L

124-122",39,10-19,52.6,0-3,0,8-10,80,2,6,1,1,1,8,28,Shai
Tue 11/4,vsORL,"W

102-86",35,8-16,50,1-3,33.3,4-4,100,6,9,0,1,4,4,21,Shai
Sun 11/2,@LAC,"W

105-92",31,7-14,50,2-4,50,9-9,100,3,9,1,0,2,3,25,Shai
Sat 11/1,@POR,"W

137-114",28,12-18,66.7,1-6,16.7,5-6,83.3,7,6,0,1,1,3,30,Shai
Thu 10/30,vsSA,"W

105-93",28,7-20,35,2-10,20,2-2,100,4,5,0,1,1,1,18,Shai
Mon 10/27,vsATL,"W

128-104",36,11-24,45.8,3-8,37.5,10-11,90.9,11,9,3,3,3,1,35,Shai
Sun 10/26,@CHI,"W

114-95",30,9-21,42.9,2-9,22.2,3-3,100,8,2,0,4,1,1,23,Shai
Fri 10/24,@DEN,"W

102-87",36,11-24,45.8,2-6,33.3,4-5,80,7,8,3,2,2,2,28,Shai
Fri 4/4,vsPHX,"W

123-103",35,9-18,50,1-8,12.5,4-5,80,8,8,1,1,2,2,23,Jayson
Wed 4/2,vsMIA,"L

124-103",32,4-17,23.5,2-9,22.2,6-7,85.7,3,7,0,1,3,2,16,Jayson
Mon 3/31,@MEM,"W

117-103",38,10-24,41.7,2-11,18.2,3-3,100,14,2,1,0,0,4,25,Jayson
Sat 3/29,@SA,"W

121-111",36,10-22,45.5,2-9,22.2,7-7,100,10,8,1,0,1,1,29,Jayson
Mon 3/24,@SAC,"W

113-95",26,8-15,53.3,5-9,55.6,4-8,50,7,8,0,0,1,3,25,Jayson
Sun 3/23,@POR,"W

129-116",37,11-24,45.8,1-7,14.3,7-7,100,9,9,2,1,2,3,30,Jayson
Fri 3/21,@UTAH,"W

121-99",33,11-25,44,3-10,30,1-1,100,6,6,0,3,1,6,26,Jayson
Sat 3/15,@BKN,"W

115-113",36,8-19,42.1,1-7,14.3,3-3,100,8,8,0,0,3,2,20,Jayson
Fri 3/14,@MIA,"W

103-91",37,8-21,38.1,5-12,41.7,7-7,100,4,5,0,1,2,5,28,Jayson
Wed 3/12,vsOKC,"L

118-112",41,12-23,52.2,4-13,30.8,5-5,100,8,8,0,0,2,4,33,Jayson
Sat 3/8,vsLAL,"W

111-101",45,12-28,42.9,6-16,37.5,10-12,83.3,12,8,1,2,3,3,40,Jayson
Thu 3/6,vsPHI,"W

123-105",31,14-23,60.9,5-11,45.5,2-2,100,7,2,0,3,2,4,35,Jayson
Sun 3/2,vsDEN,"W

110-103",38,4-15,26.7,1-7,14.3,7-8,87.5,11,7,0,0,5,6,16,Jayson
Fri 2/28,vsCLE,"L

123-116",41,19-37,51.4,4-12,33.3,4-5,80,16,9,3,0,4,3,46,Jayson
Wed 2/26,@DET,"L

117-97",33,10-19,52.6,4-9,44.4,3-4,75,6,3,0,0,1,4,27,Jayson
Tue 2/25,@TOR,"W

111-101",40,7-18,38.9,3-12,25,2-2,100,6,11,0,1,2,6,19,Jayson
Sun 2/23,vsNY,"W

118-105",37,8-20,40,3-10,30,6-6,100,10,9,0,1,3,3,25,Jayson
Thu 2/20,@PHI,"W

124-104",35,5-13,38.5,2-7,28.6,3-3,100,11,10,0,1,1,3,15,Jayson
Wed 2/12,vsSA,"W

116-103",38,12-25,48,4-14,28.6,4-8,50,14,7,1,0,3,2,32,Jayson
Mon 2/10,@MIA,"W

103-85",38,13-26,50,4-12,33.3,3-3,100,8,2,1,0,1,0,33,Jayson
Sat 2/8,@NY,"W

131-104",37,13-26,50,7-14,50,7-9,77.8,6,4,0,0,1,1,40,Jayson
Thu 2/6,vsDAL,"L

127-120",29,5-12,41.7,3-5,60,4-5,80,4,4,1,0,2,4,17,Jayson
Tue 2/4,@CLE,"W

112-105",35,7-23,30.4,3-11,27.3,5-6,83.3,4,7,2,2,0,1,22,Jayson
Sun 2/2,@PHI,"W

118-110",44,13-20,65,5-8,62.5,4-5,80,7,11,1,1,3,3,35,Jayson
Fri 1/31,@NO,"W

118-116",39,10-21,47.6,4-10,40,3-5,60,6,10,0,1,2,5,27,Jayson
Wed 1/29,vsCHI,"W

122-100",32,5-15,33.3,2-6,33.3,4-4,100,8,5,0,0,1,3,16,Jayson
Mon 1/27,vsHOU,"L

114-112",42,5-14,35.7,1-7,14.3,8-8,100,6,7,0,0,0,3,19,Jayson
Sat 1/25,@DAL,"W

122-107",35,8-22,36.4,4-12,33.3,4-4,100,6,3,0,1,5,3,24,Jayson
Thu 1/23,@LAL,"L

117-96",30,5-12,41.7,2-6,33.3,4-7,57.1,6,5,1,1,1,2,16,Jayson
Wed 1/22,@LAC,"W

117-113 OT",43,9-22,40.9,4-13,30.8,2-3,66.7,7,8,2,1,1,5,24,Jayson
Mon 1/20,@GS,"W

125-85",28,9-20,45,3-10,30,1-1,100,9,7,0,2,1,3,22,Jayson
Sat 1/18,vsATL,"L

119-115 OT",43,7-21,33.3,2-9,22.2,7-8,87.5,8,7,0,3,2,3,23,Jayson
Fri 1/17,vsORL,"W

121-94",35,12-21,57.1,4-9,44.4,2-3,66.7,6,4,1,2,2,1,30,Jayson
Wed 1/15,@TOR,"L

110-97",36,5-15,33.3,3-9,33.3,3-5,60,10,7,1,0,2,1,16,Jayson
Sun 1/12,vsNO,"W

120-119",36,14-30,46.7,2-10,20,8-10,80,11,1,1,1,1,3,38,Jayson
Fri 1/10,vsSAC,"L

114-97",35,5-13,38.5,3-7,42.9,2-3,66.7,12,5,0,0,3,8,15,Jayson
Tue 1/7,@DEN,"W

118-106",38,11-23,47.8,1-9,11.1,6-6,100,4,6,2,1,2,2,29,Jayson
Sun 1/5,@OKC,"L

105-92",39,7-17,41.2,2-6,33.3,10-12,83.3,10,1,0,2,1,2,26,Jayson
Fri 1/3,@HOU,"W

109-86",33,7-19,36.8,4-10,40,2-2,100,6,5,0,1,1,3,20,Jayson
Thu 1/2,@MIN,"W

118-115",38,13-27,48.1,6-17,35.3,1-2,50,8,9,0,3,2,2,33,Jayson
Wed 12/31,vsTOR,"W

125-71",29,6-13,46.2,4-9,44.4,7-11,63.6,8,3,0,1,2,3,23,Jayson
Mon 12/29,vsIND,"L

123-114",41,8-17,47.1,2-10,20,4-5,80,9,6,1,3,3,3,22,Jayson
Sat 12/27,vsIND,"W

142-105",32,7-15,46.7,3-10,30,5-6,83.3,13,4,0,3,2,1,22,Jayson
Thu 12/25,vsPHI,"L

118-114",42,11-20,55,4-8,50,6-7,85.7,15,4,1,1,2,3,32,Jayson
Sun 12/21,@CHI,"W

123-98",36,16-24,66.7,9-15,60,2-2,100,15,10,0,0,2,4,43,Jayson
Fri 12/19,vsCHI,"L

117-108",37,10-22,45.5,4-11,36.4,7-9,77.8,10,4,0,2,4,1,31,Jayson
Mon 12/15,@WSH,"W

112-98",35,12-26,46.2,2-9,22.2,2-2,100,12,2,0,0,4,4,28,Jayson
Sun 12/7,vsMEM,"L

127-121",38,6-21,28.6,1-10,10,4-5,80,13,9,0,0,2,1,17,Jayson
Sat 12/6,vsMIL,"W

111-105",37,12-20,60,4-10,40,6-8,75,10,5,0,0,4,1,34,Jayson
Tue 12/2,vsMIA,"W

108-89",36,7-21,33.3,3-12,25,1-1,100,11,4,0,1,2,6,18,Jayson
Mon 12/1,@CLE,"L

115-111",38,12-27,44.4,4-9,44.4,5-5,100,8,4,1,1,2,2,33,Jayson
Sat 11/29,@CHI,"W

138-129",36,12-18,66.7,4-8,50,7-10,70,14,5,1,1,0,3,35,Jayson
Tue 11/25,vsLAC,"W

126-94",30,7-15,46.7,2-6,33.3,4-6,66.7,9,4,2,0,1,3,20,Jayson
Mon 11/24,vsMIN,"W

107-105",38,8-21,38.1,5-12,41.7,5-6,83.3,8,4,0,2,4,1,26,Jayson
Sat 11/22,@WSH,"W

108-96",37,6-19,31.6,0-10,0,4-6,66.7,9,8,0,2,2,3,16,Jayson
Wed 11/19,vsCLE,"W

120-117",38,11-22,50,6-10,60,5-7,71.4,12,7,0,2,3,4,33,Jayson
Sun 11/16,vsTOR,"W

126-123 OT",42,7-19,36.8,5-12,41.7,5-5,100,11,9,0,0,3,2,24,Jayson
Thu 11/13,@BKN,"W

139-114",35,12-19,63.2,5-6,83.3,7-9,77.8,9,10,0,0,3,1,36,Jayson
Wed 11/12,vsATL,"L

117-116",37,5-16,31.3,2-9,22.2,8-8,100,6,8,2,1,3,5,20,Jayson
Mon 11/10,@MIL,"W

113-107",40,7-21,33.3,4-12,33.3,13-15,86.7,12,6,0,0,3,5,31,Jayson
Sat 11/8,vsBKN,"W

108-104 OT",42,11-25,44,5-13,38.5,6-7,85.7,9,6,1,2,3,3,33,Jayson
Thu 11/6,vsGS,"L

118-112",37,10-20,50,5-10,50,7-9,77.8,4,2,1,1,3,4,32,Jayson
Tue 11/4,@ATL,"W

123-93",30,10-21,47.6,6-14,42.9,2-3,66.7,6,9,0,2,0,1,28,Jayson
Sun 11/2,@CHA,"W

113-103",34,7-15,46.7,1-9,11.1,14-17,82.4,7,3,0,0,3,5,29,Jayson
Sat 11/1,@CHA,"W

124-109",36,9-19,47.4,3-9,33.3,11-13,84.6,11,3,1,3,1,5,32,Jayson
Thu 10/30,@IND,"L

135-132 OT",43,10-25,40,5-18,27.8,12-15,80,8,4,0,4,3,3,37,Jayson
Tue 10/28,vsMIL,"W

119-108",36,6-16,37.5,1-8,12.5,2-2,100,8,4,1,2,5,3,15,Jayson
Sun 10/26,@DET,"W

124-118",38,12-26,46.2,6-13,46.2,7-9,77.8,4,2,1,2,5,1,37,Jayson
Fri 10/24,@WSH,"W

122-102",29,9-20,45,3-11,27.3,4-7,57.1,11,6,0,1,1,1,25,Jayson
Wed 10/22,vsNY,"W

132-109",30,14-18,77.8,8-11,72.7,1-2,50,4,10,1,1,1,1,37,Jayson
Fri 4/4,vsUTAH,"W

140-112",28,7-13,53.8,2-6,33.3,1-2,50,6,11,3,0,1,0,17,Tyrese
Wed 4/2,vsCHA,"W

119-105",34,9-15,60,4-6,66.7,0-0,0,1,10,2,2,0,0,22,Tyrese
Mon 3/31,vsSAC,"W

111-109",33,7-13,53.8,2-4,50,2-2,100,2,11,0,0,1,5,18,Tyrese
Sat 3/29,@OKC,"L

132-111",29,6-12,50,4-9,44.4,2-2,100,4,3,0,2,1,0,18,Tyrese
Thu 3/27,@WSH,"W

162-109",25,9-15,60,7-10,70,4-5,80,2,6,1,1,2,1,29,Tyrese
Wed 3/26,vsLAL,"L

120-119",32,7-16,43.8,1-9,11.1,1-1,100,0,18,1,2,2,1,16,Tyrese
Mon 3/24,vsMIN,"W

119-103",29,9-16,56.3,3-7,42.9,3-3,100,4,11,1,1,0,1,24,Tyrese
Sat 3/22,vsBKN,"W

108-103",32,5-13,38.5,1-6,16.7,5-5,100,8,12,0,1,4,2,16,Tyrese
Sat 3/15,@MIL,"L

126-119",37,9-16,56.3,2-6,33.3,4-5,80,6,15,0,5,1,0,24,Tyrese
Fri 3/14,@PHI,"W

112-100",31,5-13,38.5,2-7,28.6,2-3,66.7,5,10,0,1,0,1,14,Tyrese
Tue 3/11,vsMIL,"W

115-114",32,5-12,41.7,2-6,33.3,2-2,100,3,10,0,2,0,1,14,Tyrese
Tue 3/4,vsHOU,"W

115-102",36,9-16,56.3,5-8,62.5,5-5,100,3,15,0,1,1,2,28,Tyrese
Sun 3/2,vsCHI,"W

127-112",31,7-12,58.3,2-4,50,1-1,100,5,12,0,3,1,1,17,Tyrese
Fri 2/28,@MIA,"L

125-120",36,8-15,53.3,3-5,60,0-0,0,2,10,0,4,1,1,19,Tyrese
Wed 2/26,vsTOR,"W

111-91",33,12-15,80,7-9,77.8,2-2,100,3,11,2,3,0,1,33,Tyrese
Mon 2/24,vsDEN,"L

125-116",40,6-11,54.5,5-10,50,2-2,100,1,15,0,3,2,1,19,Tyrese
Sun 2/23,vsLAC,"W

129-111",30,9-14,64.3,4-8,50,7-7,100,1,12,0,3,0,1,29,Tyrese
Thu 2/20,vsMEM,"W

127-113",32,9-17,52.9,4-11,36.4,0-0,0,5,9,1,1,3,1,22,Tyrese
Wed 2/12,@WSH,"W

134-130 OT",32,8-18,44.4,4-8,50,0-0,0,2,7,0,1,1,2,20,Tyrese
Tue 2/11,vsNY,"L

128-115",33,7-15,46.7,2-6,33.3,0-0,0,5,8,0,0,2,4,16,Tyrese
Sat 2/8,@LAL,"L

124-117",36,7-15,46.7,4-9,44.4,1-1,100,2,9,1,2,3,1,19,Tyrese
Thu 2/6,@LAC,"W

119-112",34,5-13,38.5,2-7,28.6,2-2,100,3,8,1,4,1,1,14,Tyrese
Tue 2/4,@POR,"L

112-89",25,0-3,0,0-1,0,0-0,0,2,6,2,1,3,2,0,Tyrese
Mon 2/3,@UTAH,"W

112-111",34,6-15,40,3-10,30,3-4,75,3,6,2,3,1,3,18,Tyrese
Sat 2/1,vsATL,"W

132-127",35,5-12,41.7,3-6,50,4-5,80,4,9,1,2,2,1,17,Tyrese
Wed 1/29,vsDET,"W

133-119",32,10-17,58.8,4-9,44.4,6-9,66.7,7,8,0,1,0,1,30,Tyrese
Sat 1/25,vsSA,"W

136-98",28,11-17,64.7,6-9,66.7,0-0,0,3,4,2,2,1,1,28,Tyrese
Thu 1/23,vsSA,"L

140-110",30,5-11,45.5,3-7,42.9,0-0,0,2,7,0,0,0,0,13,Tyrese
Sat 1/18,vsPHI,"W

115-102",32,4-11,36.4,1-7,14.3,0-0,0,5,9,0,0,2,5,9,Tyrese
Thu 1/16,@DET,"W

111-100",34,7-15,46.7,2-6,33.3,1-1,100,4,8,1,1,2,0,17,Tyrese
Sun 1/12,@CLE,"W

108-93",19,1-5,20,0-2,0,0-0,0,1,5,1,1,0,1,2,Tyrese
Fri 1/10,vsGS,"W

108-96",35,8-10,80,2-4,50,7-7,100,2,10,0,3,1,5,25,Tyrese
Wed 1/8,vsCHI,"W

129-113",30,7-13,53.8,2-3,66.7,0-0,0,3,13,0,2,1,1,16,Tyrese
Mon 1/6,@BKN,"W

113-99",32,5-12,41.7,4-7,57.1,9-9,100,2,8,1,1,2,3,23,Tyrese
Sat 1/4,vsPHX,"W

126-108",33,8-19,42.1,5-12,41.7,6-7,85.7,5,8,1,2,0,0,27,Tyrese
Thu 1/2,@MIA,"W

128-115",35,13-21,61.9,6-13,46.2,1-3,33.3,5,15,1,2,1,0,33,Tyrese
Wed 12/31,vsMIL,"L

120-112",39,3-13,23.1,1-6,16.7,5-6,83.3,7,7,2,1,2,1,12,Tyrese
Mon 12/29,@BOS,"W

123-114",36,11-19,57.9,1-6,16.7,8-9,88.9,6,7,0,1,0,0,31,Tyrese
Sat 12/27,@BOS,"L

142-105",30,6-13,46.2,3-8,37.5,4-4,100,4,9,0,0,0,2,19,Tyrese
Fri 12/26,vsOKC,"L

120-114",35,2-6,33.3,0-2,0,0-0,0,2,8,0,0,1,1,4,Tyrese
Tue 12/23,@GS,"W

111-105",38,6-11,54.5,2-7,28.6,2-2,100,6,12,0,2,0,1,16,Tyrese
Mon 12/22,@SAC,"W

122-95",31,5-10,50,4-9,44.4,0-0,0,5,8,0,0,0,1,14,Tyrese
Fri 12/19,@PHX,"W

120-111",37,4-9,44.4,4-9,44.4,1-2,50,4,12,1,0,1,2,13,Tyrese
Mon 12/15,vsNO,"W

119-104",35,6-14,42.9,4-8,50,5-6,83.3,4,10,1,3,1,4,21,Tyrese
Sat 12/13,@PHI,"W

121-107",35,12-23,52.2,7-15,46.7,1-1,100,3,11,1,1,1,2,32,Tyrese
Mon 12/8,vsCHA,"L

113-109",37,4-10,40,0-4,0,1-2,50,2,8,3,0,1,2,9,Tyrese
Sat 12/6,@CHI,"W

132-123",38,9-17,52.9,5-9,55.6,0-0,0,4,8,0,2,1,2,23,Tyrese
Thu 12/4,@BKN,"L

99-90",37,5-13,38.5,1-7,14.3,6-7,85.7,3,8,2,2,1,3,17,Tyrese
Wed 12/3,@TOR,"L

122-111",40,10-16,62.5,4-9,44.4,6-7,85.7,4,6,0,1,2,3,30,Tyrese
Mon 12/1,@MEM,"L

136-121",37,3-10,30,2-9,22.2,0-0,0,2,7,0,1,0,2,8,Tyrese
Sat 11/29,vsDET,"L

130-106",30,8-13,61.5,3-8,37.5,0-0,0,1,5,0,0,0,2,19,Tyrese
Thu 11/27,vsPOR,"W

121-114",39,8-15,53.3,5-10,50,7-7,100,7,10,0,2,2,3,28,Tyrese
Tue 11/25,vsNO,"W

114-110",36,12-23,52.2,9-18,50,1-1,100,3,13,0,3,1,2,34,Tyrese
Mon 11/24,vsWSH,"W

115-103",34,7-18,38.9,5-11,45.5,2-2,100,4,9,0,2,3,3,21,Tyrese
Sat 11/22,@MIL,"L

129-117",34,6-14,42.9,4-10,40,2-2,100,1,9,0,0,0,1,18,Tyrese
Thu 11/20,@HOU,"L

130-113",30,1-7,14.3,1-5,20,1-1,100,1,8,1,0,1,2,4,Tyrese
Tue 11/18,@TOR,"L

130-119",39,5-18,27.8,2-9,22.2,4-4,100,3,4,2,5,4,1,16,Tyrese
Mon 11/17,vsMIA,"W

119-110",38,4-13,30.8,3-8,37.5,5-5,100,3,13,2,0,2,0,16,Tyrese
Sat 11/15,vsMIA,"L

124-111",29,7-14,50,4-9,44.4,0-0,0,2,8,0,1,1,1,18,Tyrese
Thu 11/13,@ORL,"L

94-90",40,3-14,21.4,2-8,25,1-1,100,1,11,0,0,1,4,9,Tyrese
Mon 11/10,vsNY,"W

132-121",35,11-18,61.1,4-10,40,9-11,81.8,2,14,0,2,1,2,35,Tyrese
Sat 11/8,@CHA,"L

103-83",34,2-11,18.2,0-4,0,2-2,100,7,9,1,1,1,2,6,Tyrese
Thu 11/6,vsORL,"W

118-111",37,6-11,54.5,3-5,60,2-2,100,3,4,0,1,4,1,17,Tyrese
Tue 11/4,@DAL,"W

134-127",36,10-16,62.5,2-8,25,3-6,50,4,12,1,2,1,2,25,Tyrese
Sat 11/1,@NO,"L

125-118",33,2-8,25,1-6,16.7,6-6,100,2,11,0,0,2,2,11,Tyrese
Thu 10/30,vsBOS,"W

135-132 OT",40,7-19,36.8,2-10,20,1-1,100,6,12,0,2,5,1,17,Tyrese
Tue 10/28,@ORL,"L

119-115",35,6-15,40,4-9,44.4,3-4,75,9,10,0,1,1,1,19,Tyrese
Mon 10/27,vsPHI,"L

118-114 OT",37,8-18,44.4,4-9,44.4,2-5,40,4,2,1,0,2,3,22,Tyrese
Sat 10/25,@NY,"L

123-98",26,0-8,0,0-7,0,0-0,0,1,5,0,1,2,1,0,Tyrese
Thu 10/23,@DET,"W

115-109",35,6-18,33.3,1-9,11.1,2-2,100,5,4,2,3,2,3,15,Tyrese